0字节,0位元組
1字节,1位元組
2字节,2位元組
3字节,3位元組
4字节,4位元組
5字节,5位元組
6字节,6位元組
7字节,7位元組
8字节,8位元組
9字节,9位元組
IP地址,IP位址
·威尔士,·威爾士
·威爾士,·威爾士
一地里,一地裏
三十六著,三十六着
三極體,三極管
旧金山,三藩市
舊金山,三藩市
上台面,上枱面
下文里,下文裏
下著,下着
下著作,下著作
下著名,下著名
下著有,下著有
下著称,下著稱
下著稱,下著稱
下著者,下著者
下著述,下著述
下著录,下著錄
下著錄,下著錄
不占,不佔
不萊梅,不來梅
不著痕跡,不着痕跡
不著邊際,不着邊際
世纪里,世紀裏
C型肝炎,丙型肝炎
C肝,丙肝
并发布,並發佈
中文里,中文裏
幺,么
乘著,乘着
乘著作,乘著作
乘著名,乘著名
乘著書,乘著書
乘著称,乘著稱
乘著稱,乘著稱
乘著者,乘著者
乘著述,乘著述
乘著錄,乘著錄
B型肝炎,乙型肝炎
B肝,乙肝
吉力馬札羅,乞力馬札羅
葉門,也門
事里,事裏
二極體,二極管
因特网,互聯網
網際網路,互聯網
井里,井裏
亮著,亮着
亮著《,亮著《
亮著作,亮著作
亮著名,亮著名
亮著書,亮著書
亮著称,亮著稱
亮著稱,亮著稱
亮著者,亮著者
亮著述,亮著述
亮著錄,亮著錄
人工智慧,人工智能
人数里,人數裏
仗著,仗着
仗著作,仗著作
仗著名,仗著名
仗著書,仗著書
仗著稱,仗著稱
仗著者,仗著者
仗著述,仗著述
仗著錄,仗著錄
代表著,代表着
代表著作,代表著作
代表著名,代表著名
代表著書,代表著書
代表著稱,代表著稱
代表著者,代表著者
代表著述,代表著述
代表著錄,代表著錄
伊斯蘭瑪巴德,伊斯蘭堡
埃博拉,伊波拉
伏著,伏着
貝里斯,伯利茲
伯明罕,伯明翰
伴著,伴着
伴著作,伴著作
伴著名,伴著名
伴著書,伴著書
伴著稱,伴著稱
伴著者,伴著者
伴著述,伴著述
伴著錄,伴著錄
服务器,伺服器
布下了,佈下了
布下的,佈下的
布光,佈光
布告,佈告
布局,佈局
布展,佈展
布控,佈控
布于,佈於
布於,佈於
布景,佈景
布满,佈滿
布滿,佈滿
布置,佈置
布設,佈設
布设,佈設
布警,佈警
布道,佈道
布防,佈防
布阵,佈陣
布陣,佈陣
布雷、,佈雷、
布雷。,佈雷。
布雷封鎖,佈雷封鎖
布雷封锁,佈雷封鎖
布雷的,佈雷的
布雷艇,佈雷艇
布雷舰,佈雷艦
布雷艦,佈雷艦
布雷速度,佈雷速度
布雷，,佈雷，
布雷；,佈雷；
布点,佈點
布點,佈點
低著,低着
低著作,低著作
低著名,低著名
低著書,低著書
低著称,低著稱
低著稱,低著稱
低著者,低著者
低著述,低著述
低著錄,低著錄
住著,住着
住著作,住著作
住著名,住著名
住著書,住著書
住著稱,住著稱
住著者,住著者
住著述,住著述
住著錄,住著錄
占0,佔0
占1,佔1
占2,佔2
占3,佔3
占4,佔4
占5,佔5
占6,佔6
占7,佔7
占8,佔8
占9,佔9
占A,佔A
占B,佔B
占C,佔C
占D,佔D
占E,佔E
占F,佔F
占G,佔G
占H,佔H
占I,佔I
占J,佔J
占K,佔K
占L,佔L
占M,佔M
占N,佔N
占O,佔O
占P,佔P
占Q,佔Q
占R,佔R
占S,佔S
占T,佔T
占U,佔U
占V,佔V
占W,佔W
占X,佔X
占Y,佔Y
占Z,佔Z
占〇,佔〇
占一,佔一
占七,佔七
占三,佔三
占上風,佔上風
占上风,佔上風
占下,佔下
占下風,佔下風
占下风,佔下風
占不占,佔不佔
占不足,佔不足
占世界,佔世界
占中,佔中
占主,佔主
占主要,佔主要
占九,佔九
占了,佔了
占二,佔二
占五,佔五
占人便宜,佔人便宜
占位,佔位
占住,佔住
占占,佔佔
占便宜,佔便宜
占俄,佔俄
占个,佔個
占個,佔個
占个位,佔個位
占個位,佔個位
占亿,佔億
占億,佔億
占优,佔優
占優,佔優
占先,佔先
占光,佔光
占全,佔全
占两,佔兩
占兩,佔兩
占八,佔八
占六,佔六
占分,佔分
占到,佔到
占加,佔加
占劣,佔劣
占北,佔北
占十,佔十
占千,佔千
占半,佔半
占南,佔南
占印,佔印
占去,佔去
占取,佔取
占台,佔台
占囁,佔囁
占四,佔四
占国,佔國
占國,佔國
占在,佔在
占地,佔地
占场,佔場
占場,佔場
占压,佔壓
占壓,佔壓
占多,佔多
占大,佔大
占好,佔好
占小,佔小
占少,佔少
占局部,佔局部
占屋,佔屋
占山为,佔山為
占山為,佔山為
占市,佔市
占平均,佔平均
占床,佔床
占座,佔座
占後,佔後
占得,佔得
占德,佔德
占所有,佔所有
占掉,佔掉
占据,佔據
占據,佔據
占整,佔整
占新,佔新
占有,佔有
占东,佔東
占東,佔東
占查,佔查
占次,佔次
占比,佔比
占法,佔法
占满,佔滿
占滿,佔滿
占澳,佔澳
占为,佔為
占為,佔為
占率,佔率
占用,佔用
占毕,佔畢
占畢,佔畢
占百,佔百
占尽,佔盡
占盡,佔盡
占着,佔着
占著,佔着
占網,佔網
占网,佔網
占線,佔線
占线,佔線
占总,佔總
占總,佔總
占缺,佔缺
占美国,佔美國
占美國,佔美國
占耕,佔耕
占至多,佔至多
占至少,佔至少
占臺,佔臺
占英,佔英
占万,佔萬
占萬,佔萬
占著名,佔著名
占著者,佔著者
占葡,佔葡
占苏,佔蘇
占蘇,佔蘇
占西,佔西
占資,佔資
占资,佔資
占起,佔起
占超过,佔超過
占超過,佔超過
占过,佔過
占過,佔過
占道,佔道
占零,佔零
占領,佔領
占领,佔領
占头,佔頭
占頭,佔頭
占头筹,佔頭籌
占頭籌,佔頭籌
占香,佔香
占馬,佔馬
占马,佔馬
占高枝,佔高枝
維德角,佛得角
作品里,作品裏
操作系统,作業系統
來著,來着
來著作,來著作
來著名,來著名
來著書,來著書
來著稱,來著稱
來著者,來著者
來著述,來著述
來著錄,來著錄
侵占,侵佔
促著,促着
俄占,俄佔
奧勒岡,俄勒岡
保障著,保障着
保障著作,保障著作
保障著名,保障著名
保障著書,保障著書
保障著稱,保障著稱
保障著者,保障著者
保障著述,保障著述
保障著錄,保障著錄
信著,信着
信著《,信著《
信著作,信著作
信著名,信著名
信著書,信著書
信著称,信著稱
信著稱,信著稱
信著者,信著者
信著述,信著述
信著錄,信著錄
个月里,個月裏
个里,個裏
倒楣,倒霉
候著,候着
候著作,候著作
候著名,候著名
候著書,候著書
候著稱,候著稱
候著者,候著者
候著述,候著述
候著錄,候著錄
借著,借着
借著作,借著作
借著名,借著名
借著書,借著書
借著稱,借著稱
借著者,借著者
借著述,借著述
借著錄,借著錄
假里,假裏
做著,做着
做著作,做著作
做著名,做著名
做著書,做著書
做著稱,做著稱
做著者,做著者
做著述,做著述
做著錄,做著錄
吉尼斯世界纪录,健力士世界紀錄
金氏世界紀錄,健力士世界紀錄
側著,側着
側著作,側著作
側著名,側著名
側著書,側著書
側著稱,側著稱
側著者,側著者
側著述,側著述
側著錄,側著錄
偷著,偷着
偷著作,偷著作
偷著名,偷著名
偷著書,偷著書
偷著稱,偷著稱
偷著者,偷著者
偷著述,偷著述
偷著錄,偷著錄
備著,備着
備著作,備著作
備著名,備著名
備著書,備著書
備著稱,備著稱
備著者,備著者
備著述,備著述
備著錄,備著錄
傻里傻气,傻裏傻氣
雇员,僱員
雇用,僱用
凶惡,兇惡
凶殘,兇殘
凶殺,兇殺
先占,先佔
光著,光着
光著《,光著《
光著作,光著作
光著名,光著名
光著書,光著書
光著称,光著稱
光著稱,光著稱
光著者,光著者
光著述,光著述
光著錄,光著錄
柯林頓,克林頓
克羅埃西亞,克羅地亞
奈洛比,內羅畢
公布,公佈
公寓里,公寓裏
冒著,冒着
冒著作,冒著作
冒著名,冒著名
冒著書,冒著書
冒著稱,冒著稱
冒著者,冒著者
冒著述,冒著述
冒著錄,冒著錄
冰山里,冰山裏
恺撒,凱撒
函数里,函數裏
分布,分佈
分布于,分佈於
分佈著,分佈着
分布著,分佈着
分占,分佔
分钟里,分鐘裏
錢尼,切尼
切尔诺贝利,切爾諾貝爾
列支敦斯登,列支敦士登
別著,別着
賴比瑞亞,利比里亞
刮著,刮着
到山里,到山裏
制著,制着
制著作,制著作
制著名,制著名
制著書,制著書
制著稱,制著稱
制著者,制著者
制著述,制著述
制著錄,制著錄
刻著,刻着
刻著作,刻著作
刻著名,刻著名
刻著書,刻著書
刻著称,刻著稱
刻著稱,刻著稱
刻著者,刻著者
刻著述,刻著述
刻著錄,刻著錄
前波莫瑞,前波美拉尼亞
剪彩,剪綵
割占,割佔
劃著,劃着
击剑,劍擊
擊劍,劍擊
加薩走廊,加沙地帶
加泰隆尼亞,加泰羅尼亞
迦納,加納
加彭,加蓬
努力著,努力着
努力著作,努力著作
努力著名,努力著名
努力著書,努力著書
努力著称,努力著稱
努力著稱,努力著稱
努力著者,努力著者
努力著述,努力著述
努力著錄,努力著錄
布蘭登堡,勃蘭登堡
動著,動着
動著作,動著作
動著名,動著名
動著書,動著書
動著稱,動著稱
動著者,動著者
動著述,動著述
動著錄,動著錄
包著,包着
北朝鲜,北韓
区里有,區裏有
区里的,區裏的
不列颠哥伦比亚省,卑詩省
南朝鲜,南韓
波札那,博茨瓦納
占卜,占卜
占国桥,占國橋
占國橋,占國橋
占有五不,占有五不
占著作,占著作
占著稱,占著稱
占著述,占著述
占著錄,占著錄
卡普里亚蒂,卡佩雅蒂
喀拉蚩,卡拉奇
卡斯楚,卡斯特羅
印著,印着
印著《,印著《
印著作,印著作
印著名,印著名
印著書,印著書
印著稱,印著稱
印著者,印著者
印著述,印著述
印著錄,印著錄
瓜地馬拉,危地馬拉
厄瓜多,厄瓜多爾
厄瓜多尔,厄瓜多爾
厄瓜多爾,厄瓜多爾
厄利垂亚,厄立特里亞
厄利垂亞,厄立特里亞
源代码,原始碼
原文里,原文裏
去山里,去山裏
参数里,參數裏
受著,受着
受著作,受著作
受著名,受著名
受著書,受著書
受著稱,受著稱
受著者,受著者
受著述,受著述
受著錄,受著錄
丛林里,叢林裏
口里,口裏
古文里,古文裏
只占,只佔
叫著,叫着
叫著作,叫著作
叫著名,叫著名
叫著書,叫著書
叫著稱,叫著稱
叫著者,叫著者
叫著述,叫著述
叫著錄,叫著錄
古柯鹼,可卡因
叱吒,叱咤
斯坦福大学,史丹福大學
史匹柏,史匹堡
斯皮尔伯格,史匹堡
史蒂芬·史匹柏,史提芬·史匹堡
斯蒂芬·斯皮尔伯格,史提芬·史匹堡
吃不著,吃不着
吃得著,吃得着
吃著,吃着
吃里扒外,吃裏扒外
吃里爬外,吃裏爬外
吉布地,吉布堤
吊著,吊着
向著,向着
向著作,向著作
向著名,向著名
向著書,向著書
向著稱,向著稱
向著者,向著者
向著述,向著述
向著錄,向著錄
吞占,吞佔
吧台,吧枱
含著,含着
含著作,含著作
含著名,含著名
含著書,含著書
含著稱,含著稱
含著者,含著者
含著述,含著述
含著錄,含著錄
吹著,吹着
吹著作,吹著作
吹著名,吹著名
吹著書,吹著書
吹著稱,吹著稱
吹著者,吹著者
吹著述,吹著述
吹著錄,吹著錄
呆著,呆着
呆里呆气,呆裏呆氣
告里,告裏
味著,味着
味著作,味著作
味著名,味著名
味著書,味著書
味著称,味著稱
味著稱,味著稱
味著者,味著者
味著述,味著述
味著錄,味著錄
咖哩,咖喱
咬著,咬着
哥特式,哥德式
哥斯大黎加,哥斯達黎加
哪里,哪裏
哭著,哭着
哭著作,哭著作
哭著名,哭著名
哭著書,哭著書
哭著稱,哭著稱
哭著者,哭著者
哭著述,哭著述
哭著錄,哭著錄
唱著,唱着
唱著作,唱著作
唱著名,唱著名
唱著書,唱著書
唱著稱,唱著稱
唱著者,唱著者
唱著述,唱著述
唱著錄,唱著錄
喝著,喝着
喝著作,喝著作
喝著名,喝著名
喝著書,喝著書
喝著稱,喝著稱
喝著者,喝著者
喝著述,喝著述
喝著錄,喝著錄
賈伯斯,喬布斯
乔治·奥威尔,喬治·歐威爾
单反相机,單鏡反光機
單眼相機,單鏡反光機
嗅不著,嗅不着
嗅得著,嗅得着
嗅著,嗅着
凯瑟琳,嘉芙蓮
凱薩琳,嘉芙蓮
嘯吒,嘯咤
嘴里,嘴裏
嚷著,嚷着
嚷著作,嚷著作
嚷著名,嚷著名
嚷著書,嚷著書
嚷著稱,嚷著稱
嚷著者,嚷著者
嚷著述,嚷著述
嚷著錄,嚷著錄
回著,回着
回著名,回著名
因著,因着
因著〈,因著〈
因著《,因著《
因著作,因著作
因著名,因著名
因著書,因著書
因著稱,因著稱
因著者,因著者
因著述,因著述
因著錄,因著錄
困著,困着
困著作,困著作
困著名,困著名
困著書,困著書
困著稱,困著稱
困著者,困著者
困著述,困著述
困著錄,困著錄
固著,固着
圈占,圈佔
圈里,圈裏
西洋棋,國際象棋
圍著,圍着
圍著作,圍著作
圍著名,圍著名
圍著書,圍著書
圍著稱,圍著稱
圍著者,圍著者
圍著述,圍著述
圍著錄,圍著錄
园里,園裏
吐瓦魯,圖瓦盧
土魯斯,圖盧茲
图里的,圖裏的
图里，,圖裏，
土里,土裏
在山里,在山裏
蓋亞那,圭亞那
地占,地佔
地图里,地圖裏
堪培拉,坎培拉
坐台铁,坐台鐵
坐台,坐枱
坐著,坐着
坐著作,坐著作
坐著名,坐著名
坐著書,坐著書
坐著稱,坐著稱
坐著者,坐著者
坐著述,坐著述
坐著錄,坐著錄
坑里,坑裏
坦尚尼亞,坦桑尼亞
衣索匹亞,埃塞俄比亚
衣索比亞,埃塞俄比亞
葉里溫,埃里溫
埋著,埋着
城市里,城市裏
城里,城裏
域里,域裏
吉里巴斯,基里巴斯
堅貞著,堅貞着
场里,場裏
塗著,塗着
塞普勒斯,塞浦路斯
賽普勒斯,塞浦路斯
塞爾維亞與蒙特內哥羅,塞爾維亞和黑山
塞席爾,塞舌爾
境里,境裏
壓著,壓着
壓著作,壓著作
壓著名,壓著名
壓著書,壓著書
壓著稱,壓著稱
壓著者,壓著者
壓著述,壓著述
壓著錄,壓著錄
壶里,壺裏
多占,多佔
夜晚里,夜晚裏
夜里,夜裏
夢有五不占,夢有五不占
梦有五不占,夢有五不占
夢著,夢着
夢著《,夢著《
夢著作,夢著作
夢著名,夢著名
夢著書,夢著書
夢著稱,夢著稱
夢著者,夢著者
夢著述,夢著述
夢著錄,夢著錄
梦里,夢裏
天里,天裏
宇航员,太空人
夾著,夾着
夾著作,夾著作
夾著名,夾著名
夾著書,夾著書
夾著稱,夾著稱
夾著者,夾著者
夾著述,夾著述
夾著錄,夾著錄
奥占,奧佔
奧占,奧佔
歐巴馬,奧巴馬
妆台,妝枱
威斯伐倫,威斯特法倫
威尔士,威爾斯
威爾士,威爾斯
子里,子裏
字里行间,字裏行間
存在著,存在着
存著,存着
存著作,存著作
存著名,存著名
孟德爾頌,孟德爾遜
门德尔松,孟德爾遜
學著,學着
學著作,學著作
學著名,學著名
學著書,學著書
學著稱,學著稱
學著者,學著者
學著述,學著述
學著錄,學著錄
学里,學裏
守著,守着
守著作,守著作
守著名,守著名
守著書,守著書
守著称,守著稱
守著稱,守著稱
守著者,守著者
守著述,守著述
守著錄,守著錄
安哈特,安哈爾特
安地卡,安提瓜
安地卡及巴布達,安提瓜和巴布達
定著,定着
定著《,定著《
定著作,定著作
定著名,定著名
定著書,定著書
定著称,定著稱
定著稱,定著稱
定著者,定著者
定著述,定著述
定著錄,定著錄
宣布,宣佈
宫里,宮裏
家里,家裏
密布,密佈
密西根,密歇根
沃尓沃,富豪
寡占,寡佔
写字台,寫字枱
寫著,寫着
寫著作,寫著作
寫著名,寫著名
寫著書,寫著書
寫著稱,寫著稱
寫著者,寫著者
寫著述,寫著述
寫著錄,寫著錄
宝里宝气,寶裏寶氣
封面里,封面裏
将占,將佔
將占,將佔
将占卜,將占卜
將占卜,將占卜
专辑里,專輯裏
尋著,尋着
尋著作,尋著作
尋著名,尋著名
尋著書,尋著書
尋著稱,尋著稱
尋著者,尋著者
尋著述,尋著述
尋著錄,尋著錄
對著,對着
對著作,對著作
對著名,對著名
對著書,對著書
對著稱,對著稱
對著者,對著者
對著述,對著述
對著錄,對著錄
小时里,小時裏
少占,少佔
就里,就裏
尼克松,尼克遜
奈及利亞,尼日利亞
局里,局裏
屋里,屋裏
展著,展着
展著《,展著《
展著作,展著作
展著名,展著名
展著書,展著書
展著稱,展著稱
展著者,展著者
展著述,展著述
展著錄,展著錄
屯里,屯裏
山里有,山裏有
山里的,山裏的
甘比亞,岡比亞
岸裡,岸裡
巴厘岛,峇里島
工作台,工作枱
已占,已佔
巴塞罗那,巴塞隆拿
巴塞隆納,巴塞隆拿
巴貝多,巴巴多斯
巴士拉,巴斯拉
巷里,巷裏
市占,市佔
市里的,市裏的
布吉納法索,布基納法索
布什,布殊
布里斯托尔,布里斯托
蒲隆地,布隆迪
希冀著,希冀着
席哈克,希拉克
希拉蕊,希拉莉
希特勒,希特拉
帛琉,帕勞
巴尔米拉环礁,帕邁拉環礁
帕劳,帛琉
帶著,帶着
帶著作,帶著作
帶著名,帶著名
帶著書,帶著書
帶著稱,帶著稱
帶著者,帶著者
帶著述,帶著述
帶著錄,帶著錄
幅图里,幅圖裏
幫著,幫着
幫著作,幫著作
幫著名,幫著名
幫著書,幫著書
幫著稱,幫著稱
幫著者,幫著者
幫著述,幫著述
幫著錄,幫著錄
干着急,干着急
賓士,平治
年代里,年代裏
年里,年裏
年里约,年里約
干着,幹着
幹著,幹着
幹著名,幹著名
幹著稱,幹著稱
幾內亞比索,幾內亞比紹
店里,店裏
庫德人,庫爾德人
庫德族,庫爾德族
坎城,康城
戛纳,康城
庙里,廟裏
广播里,廣播裏
強占,強佔
强占,強佔
约翰斯顿岛,強斯頓環礁
弹子台,彈子枱
蹦床,彈床
弹珠台,彈珠枱
形上學,形而上學
谢丽·布莱尔,彭雪玲
往里,往裏
待著,待着
待著作,待著作
待著名,待著名
待著書,待著書
待著稱,待著稱
待著者,待著者
待著述,待著述
待著錄,待著錄
得著,得着
得著作,得著作
得著名,得著名
得著書,得著書
得著稱,得著稱
得著者,得著者
得著述,得著述
得著錄,得著錄
从图里,從圖裏
从山里,從山裏
从里到外,從裏到外
从里向外,從裏向外
循著,循着
循著作,循著作
循著名,循著名
循著書,循著書
循著稱,循著稱
循著者,循著者
循著述,循著述
循著錄,循著錄
征占,徵佔
徵占,徵佔
德占,德佔
得克萨斯,德克薩斯
德勒斯登,德累斯頓
澈底,徹底
心著,心着
心著《,心著《
心著作,心著作
心著名,心著名
心著書,心著書
心著称,心著稱
心著稱,心著稱
心著者,心著者
心著述,心著述
心著錄,心著錄
心里,心裏
心里面,心裏面
忍著,忍着
忍著作,忍著作
忍著名,忍著名
忍著書,忍著書
忍著稱,忍著稱
忍著者,忍著者
忍著述,忍著述
忍著錄,忍著錄
忙著,忙着
忙著作,忙著作
忙著名,忙著名
忙著書,忙著書
忙著稱,忙著稱
忙著者,忙著者
忙著述,忙著述
忙著錄,忙著錄
忙里,忙裏
忠貞著,忠貞着
急著,急着
急著作,急著作
急著名,急著名
急著書,急著書
急著稱,急著稱
急著者,急著者
急著述,急著述
急著錄,急著錄
怪里怪气,怪裏怪氣
悠著,悠着
悠著作,悠著作
悠著名,悠著名
悠著書,悠著書
悠著稱,悠著稱
悠著者,悠著者
悠著述,悠著述
悠著錄,悠著錄
悶著,悶着
想象,想像
想著,想着
想著作,想著作
想著名,想著名
想著書,想著書
想著称,想著稱
想著稱,想著稱
想著者,想著者
想著述,想著述
想著錄,想著錄
意占,意佔
義占,意佔
義大利,意大利
艾滋,愛滋
愛著,愛着
愛著作,愛著作
愛著名,愛著名
愛著書,愛著書
愛著稱,愛著稱
愛著者,愛著者
愛著述,愛著述
愛著錄,愛著錄
慌里慌张,慌裏慌張
慣著,慣着
慣著作,慣著作
慣著名,慣著名
慣著書,慣著書
慣著稱,慣著稱
慣著者,慣著者
慣著述,慣著述
慣著錄,慣著錄
憑著,憑着
憑著作,憑著作
憑著名,憑著名
憑著者,憑著者
宪法里,憲法裏
应用程序,應用程式
應著,應着
應著作,應著作
應著名,應著名
應著書,應著書
應著稱,應著稱
應著者,應著者
應著述,應著述
應著錄,應著錄
懷著,懷着
懷著《,懷著《
懷著作,懷著作
懷著名,懷著名
懷著書,懷著書
懷著稱,懷著稱
懷著者,懷著者
懷著述,懷著述
懷著錄,懷著錄
怀里,懷裏
戀著,戀着
戀著作,戀著作
戀著名,戀著名
戀著書,戀著書
戀著稱,戀著稱
戀著者,戀著者
戀著述,戀著述
戀著錄,戀著錄
戈巴契夫,戈爾巴喬夫
戰著,戰着
戰著作,戰著作
戰著名,戰著名
戰著書,戰著書
戰著稱,戰著稱
戰著者,戰著者
戰著述,戰著述
戰著錄,戰著錄
戏彩娱亲,戲綵娛親
戲彩娛親,戲綵娛親
戏里,戲裏
撒切尔,戴卓爾
柴契爾,戴卓爾
狄安娜,戴安娜
黛安娜,戴安娜
戴著,戴着
戴著作,戴著作
戴著名,戴著名
戴著書,戴著書
戴著稱,戴著稱
戴著者,戴著者
戴著述,戴著述
戴著錄,戴著錄
房里,房裏
所占,所佔
索羅門群島,所羅門群島
手里,手裏
手里剑,手裏劍
列印,打印
印表機,打印機
打著,打着
打著作,打著作
打著名,打著名
打著書,打著書
打著稱,打著稱
打著者,打著者
打著述,打著述
打著錄,打著錄
扛著,扛着
扛著作,扛著作
扛著名,扛著名
扛著書,扛著書
扛著稱,扛著稱
扛著者,扛著者
扛著述,扛著述
扛著錄,扛著錄
找不著,找不着
找得著,找得着
承宣布政,承宣布政
抓著,抓着
抓著作,抓著作
抓著名,抓著名
抓著稱,抓著稱
抓著者,抓著者
抓著述,抓著述
抓著錄,抓著錄
披著,披着
披著作,披著作
披著名,披著名
披著書,披著書
披著稱,披著稱
披著者,披著者
披著述,披著述
披著錄,披著錄
抬著,抬着
抬著作,抬著作
抬著名,抬著名
抬著稱,抬著稱
抬著者,抬著者
抬著述,抬著述
抬著錄,抬著錄
抱著,抱着
抱著作,抱著作
抱著名,抱著名
抱著稱,抱著稱
抱著者,抱著者
抱著述,抱著述
抱著錄,抱著錄
拉著,拉着
拉著作,拉著作
拉著名,拉著名
拉著書,拉著書
拉著稱,拉著稱
拉著者,拉著者
拉著述,拉著述
拉著錄,拉著錄
拎著,拎着
拎著作,拎著作
拎著名,拎著名
拎著稱,拎著稱
拎著者,拎著者
拎著述,拎著述
拎著錄,拎著錄
拖著,拖着
拖著作,拖著作
拖著名,拖著名
拖著稱,拖著稱
拖著者,拖著者
拖著述,拖著述
拖著錄,拖著錄
拼著,拼着
拼著作,拼著作
拼著名,拼著名
拼著稱,拼著稱
拼著者,拼著者
拼著述,拼著述
拼著錄,拼著錄
拿著,拿着
拿著作,拿著作
拿著名,拿著名
拿著稱,拿著稱
拿著者,拿著者
拿著述,拿著述
拿著錄,拿著錄
持著,持着
持著作,持著作
持著名,持著名
持著稱,持著稱
持著者,持著者
持著述,持著述
持著錄,持著錄
挑著,挑着
挑著作,挑著作
挑著名,挑著名
挑著稱,挑著稱
挑著者,挑著者
挑著述,挑著述
挑著錄,挑著錄
挨著,挨着
挨著作,挨著作
挨著名,挨著名
挨著稱,挨著稱
挨著者,挨著者
挨著述,挨著述
挨著錄,挨著錄
捆著,捆着
捆著作,捆著作
捆著名,捆著名
捆著稱,捆著稱
捆著者,捆著者
捆著述,捆著述
捆著錄,捆著錄
伏地挺身,掌上壓
俯卧撑,掌上壓
掖著,掖着
掖著作,掖著作
掖著名,掖著名
掖著稱,掖著稱
掖著者,掖著者
掖著述,掖著述
掖著錄,掖著錄
掙著,掙着
掙著作,掙著作
掙著名,掙著名
掙著書,掙著書
掙著稱,掙著稱
掙著者,掙著者
掙著述,掙著述
掙著錄,掙著錄
掛著,掛着
接著,接着
接著作,接著作
接著名,接著名
接著稱,接著稱
接著者,接著者
接著述,接著述
接著錄,接著錄
揉著,揉着
揉著作,揉著作
揉著名,揉著名
揉著書,揉著書
揉著稱,揉著稱
揉著者,揉著者
揉著述,揉著述
揉著錄,揉著錄
提著,提着
提著作,提著作
提著名,提著名
提著稱,提著稱
提著者,提著者
提著述,提著述
提著錄,提著錄
揮著,揮着
揮著作,揮著作
揮著名,揮著名
揮著稱,揮著稱
揮著者,揮著者
揮著述,揮著述
揮著錄,揮著錄
搜索引擎,搜尋引擎
抢占,搶佔
搶占,搶佔
摟著,摟着
摟著作,摟著作
摟著名,摟著名
摟著稱,摟著稱
摟著者,摟著者
摟著述,摟著述
摟著錄,摟著錄
折台,摺枱
撒马尔罕,撒馬爾罕
撼著,撼着
撼著作,撼著作
撼著名,撼著名
撼著書,撼著書
撼著稱,撼著稱
撼著者,撼著者
撼著述,撼著述
撼著錄,撼著錄
择日占星,擇日占星
擇日占星,擇日占星
擋著,擋着
擋著作,擋著作
擋著名,擋著名
擋著稱,擋著稱
擋著者,擋著者
擋著述,擋著述
擋著錄,擋著錄
擔著,擔着
據著,據着
據著作,據著作
據著名,據著名
據著書,據著書
據著稱,據著稱
據著者,據著者
據著述,據著述
據著錄,據著錄
擡著,擡着
摆布,擺佈
擺布,擺佈
擺著,擺着
擺著作,擺著作
擺著名,擺著名
擺著稱,擺著稱
擺著者,擺著者
擺著述,擺著述
擺著錄,擺著錄
收錄著,收錄着
攻占,攻佔
放著,放着
放著作,放著作
放著名,放著名
放著称,放著稱
放著稱,放著稱
敞著,敞着
敞著作,敞著作
敞著名,敞著名
敞著稱,敞著稱
敞著者,敞著者
敞著述,敞著述
敞著錄,敞著錄
散布,散佈
散佈著,散佈着
散布著,散佈着
数字照相机,数碼照相機
數位照相機,数碼照相機
數著,數着
数字化,數碼化
數位化,數碼化
数字技术,數碼技術
數位技術,數碼技術
數位相機,數碼相機
数字信号,數碼訊號
數碼訊號,數碼訊號
数字电视,數碼電視
數位電視,數碼電視
数字音乐,數碼音樂
數位音樂,數碼音樂
數著作,數著作
數著名,數著名
數著稱,數著稱
數著者,數著者
數著述,數著述
數著錄,數著錄
德蕾莎·梅伊,文翠珊
特蕾莎·梅,文翠珊
斥著,斥着
斥著作,斥著作
斥著名,斥著名
斥著書,斥著書
斥著稱,斥著稱
斥著者,斥著者
斥著述,斥著述
斥著錄,斥著錄
斯堪地那維亞,斯堪的納維亞
史瓦帝尼,斯威士蘭
史瓦濟蘭,斯威士蘭
斯洛維尼亞,斯洛文尼亞
紐澳良,新奧爾良
紐幾內亞,新幾內亞
紐西蘭,新西蘭
方法里,方法裏
族里,族裏
日占,日佔
日里,日裏
昂山素季,昂山素姬
翁山蘇姬,昂山素姬
昂著,昂着
昂著作,昂著作
昂著名,昂著名
昂著書,昂著書
昂著稱,昂著稱
昂著者,昂著者
昂著述,昂著述
昂著錄,昂著錄
星罗棋布,星羅棋佈
星羅棋布,星羅棋佈
映著,映着
映著作,映著作
映著名,映著名
映著書,映著書
映著稱,映著稱
映著者,映著者
映著述,映著述
映著錄,映著錄
晃著,晃着
晃著作,晃著作
晃著名,晃著名
晃著稱,晃著稱
晃著者,晃著者
晃著述,晃著述
晃著錄,晃著錄
普利策奖,普立茲獎
晶元,晶片
芯片,晶片
智慧型,智能
智慧卡,智能卡
智慧手機,智能手機
智慧機器人,智能機械人
暗地里,暗地裏
暗沟里,暗溝裏
暗著,暗着
暗著作,暗著作
暗著名,暗著名
暗著書,暗著書
暗著稱,暗著稱
暗著者,暗著者
暗著述,暗著述
暗著錄,暗著錄
暗里,暗裏
会占,會佔
會占,會佔
会占卜,會占卜
會占卜,會占卜
会里,會裏
月裡来,月裏來
有著,有着
有著作,有著作
有著名,有著名
有著書,有著書
有著稱,有著稱
有著者,有著者
有著述,有著述
有著錄,有著錄
罗纳德·里根,朗奴·列根
罗纳尔多,朗拿度
罗纳尔迪尼奥,朗拿甸奴
望著,望着
望著作,望著作
望著名,望著名
望著書,望著書
望著稱,望著稱
望著者,望著者
望著述,望著述
望著錄,望著錄
朝著,朝着
朝著作,朝著作
朝著名,朝著名
朝著稱,朝著稱
朝著者,朝著者
朝著述,朝著述
朝著錄,朝著錄
賓·拉登,本·拉登
班傑明,本傑明
賓拉登,本拉登
本著,本着
本著作,本著作
本著名,本著名
本著書,本著書
本著稱,本著稱
本著者,本著者
本著述,本著述
本著錄,本著錄
里瓦尔多,李華度
村里有,村裏有
村里的,村裏的
杜塞道夫,杜塞爾多夫
迪拜,杜拜
東協助,東協助
東協會,東協會
東協議,東協議
東南亞國家協會,東南亞國家聯盟
亚细安,東盟
東協,東盟
板著臉,板着臉
枕著,枕着
枕著作,枕著作
枕著名,枕著名
枕著稱,枕著稱
枕著者,枕著者
枕著述,枕著述
枕著錄,枕著錄
檯,枱
台历,枱曆
台灯,枱燈
台面上,枱面上
台面化,枱面化
柏林墙,柏林圍牆
奧黛莉·朵杜,柯德莉·塔圖
奥黛丽·赫本,柯德莉·夏萍
奧黛麗·赫本,柯德莉·夏萍
哥廷根,格丁根
格瑞那丁,格林納丁斯
格瑞那達,格林納達
格莱美奖,格林美獎
葛萊美獎,格林美獎
格鲁吉亚,格魯吉亞
框里,框裏
台式电脑,桌上型電腦
台球,桌球
撞球,桌球
梅鐸,梅鐸
条文里,條文裏
梳著,梳着
梳著作,梳著作
梳著名,梳著名
梳著稱,梳著稱
梳著者,梳著者
梳著述,梳著述
梳著錄,梳著錄
棉里,棉裏
桑巴舞,森巴舞
森林里,森林裏
棺材里,棺材裏
榴莲,榴槤
榴蓮,榴槤
樂著,樂着
樂著《,樂著《
樂著作,樂著作
樂著名,樂著名
樂著書,樂著書
樂著稱,樂著稱
樂著者,樂著者
樂著述,樂著述
樂著錄,樂著錄
標志著,標志着
寶獅,標致
標誌著,標誌着
朴茨茅斯,樸茨茅夫
樸茨茅斯,樸茨茅夫
树林里,樹林裏
工具機,機床
机器人,機械人
機器人,機械人
柜台,櫃枱
柜里,櫃裏
正文里,正文裏
历史里,歷史裏
死里求生,死裏求生
死里逃生,死裏逃生
帕運會,殘奧會
帕拉林匹克,殘疾人奧林匹克
殺著,殺着
殺著作,殺著作
殺著名,殺著名
殺著書,殺著書
殺著稱,殺著稱
殺著者,殺著者
殺著述,殺著述
殺著錄,殺著錄
壳里,殼裏
殿里,殿裏
茅利塔尼亞,毛里塔尼亞
模里西斯,毛里裘斯
毛里求斯,毛里裘斯
公厘,毫米
公釐,毫米
水来汤里去,水來湯裏去
水里,水裏
求著,求着
求著作,求著作
求著名,求著名
求著書,求著書
求著稱,求著稱
求著者,求著者
求著述,求著述
求著錄,求著錄
池里,池裏
汙,污
文莱,汶萊
沈著,沈着
沉著,沉着
沉著作,沉著作
沉著名,沉著名
沉著書,沉著書
沉著稱,沉著稱
沉著者,沉著者
沉著述,沉著述
沉著錄,沉著錄
沖著,沖着
沖著。,沖著。
沖著《,沖著《
沖著，,沖著，
沙地阿拉伯,沙特阿拉伯
沙烏地阿拉伯,沙特阿拉伯
沙里淘金,沙裏淘金
河里,河裏
沿著,沿着
沿著作,沿著作
沿著名,沿著名
沿著書,沿著書
沿著稱,沿著稱
沿著者,沿著者
沿著述,沿著述
沿著錄,沿著錄
法占,法佔
法里，,法裏，
玻里尼西亞,波利尼西亞
波士尼亞,波斯尼亞
波士尼亞與赫塞哥維納,波斯尼亞和黑塞哥維那
宝莱坞,波里活
寶萊塢,波里活
幫浦,泵
洞里,洞裏
辛巴威,津巴布韋
宏都拉斯,洪都拉斯
活著,活着
活著作,活著作
活著名,活著名
活著書,活著書
活著稱,活著稱
活著者,活著者
活著述,活著述
活著錄,活著錄
移动操作系统,流動作業系統
行動作業系統,流動作業系統
移动支付,流動支付
行動支付,流動支付
移动网络,流動網絡
行動網路,流動網絡
移动设备,流動裝置
行動裝置,流動裝置
移动电话,流動電話
行動電話,流動電話
流著,流着
流著作,流著作
流著名,流著名
流著書,流著書
流著稱,流著稱
流著者,流著者
流著述,流著述
流著錄,流著錄
流露著,流露着
浮著,浮着
蘭卡威,浮羅交怡
浮著作,浮著作
浮著名,浮著名
浮著書,浮著書
浮著稱,浮著稱
浮著者,浮著者
浮著述,浮著述
浮著錄,浮著錄
海上布雷,海上佈雷
海洛因,海洛英
海湾布雷,海灣佈雷
海灣布雷,海灣佈雷
涼著,涼着
涼著作,涼著作
涼著名,涼著名
涼著書,涼著書
涼著稱,涼著稱
涼著者,涼著者
涼著述,涼著述
涼著錄,涼著錄
深山里,深山裏
渊里,淵裏
渴著,渴着
渴著作,渴著作
渴著名,渴著名
渴著書,渴著書
渴著稱,渴著稱
渴著者,渴著者
渴著述,渴著述
渴著錄,渴著錄
湊合著,湊合着
湖里,湖裏
准将,準將
准將,準將
准尉,準尉
溢著,溢着
溢著作,溢著作
溢著名,溢著名
溢著書,溢著書
溢著稱,溢著稱
溢著者,溢著者
溢著述,溢著述
溢著錄,溢著錄
演著,演着
演著作,演著作
演著名,演著名
演著書,演著書
演著稱,演著稱
演著者,演著者
演著述,演著述
演著錄,演著錄
漠里,漠裏
漢諾瓦,漢諾威
漫著,漫着
漫著作,漫著作
漫著名,漫著名
漫著書,漫著書
漫著稱,漫著稱
漫著者,漫著者
漫著述,漫著述
漫著錄,漫著錄
潜意识里,潛意識裏
潤著,潤着
潤著作,潤著作
潤著名,潤著名
潤著書,潤著書
潤著稱,潤著稱
潤著者,潤著者
潤著述,潤著述
潤著錄,潤著錄
潭里,潭裏
溼,濕
火山里,火山裏
火箭布雷,火箭佈雷
為著,為着
為著《,為著《
為著作,為著作
為著名,為著名
為著稱,為著稱
為著者,為著者
為著述,為著述
為著錄,為著錄
烏龍麵,烏冬麵
菸,煙
照占,照佔
照著,照着
照著作,照著作
照著名,照著名
照著書,照著書
照著稱,照著稱
照著者,照著者
照著述,照著述
照著錄,照著錄
燒著,燒着
燒著作,燒著作
燒著名,燒著名
燒著書,燒著書
燒著稱,燒著稱
燒著者,燒著者
燒著述,燒著述
燒著錄,燒著錄
爭著,爭着
爭著作,爭著作
爭著名,爭著名
爭著書,爭著書
爭著稱,爭著稱
爭著者,爭著者
爭著述,爭著述
爭著錄,爭著錄
墙里,牆裏
版图里,版圖裏
版权信息,版權資訊
千里達托貝哥,特立尼達和多巴哥
牽著,牽着
牽著作,牽著作
牽著名,牽著名
牽著書,牽著書
牽著稱,牽著稱
牽著者,牽著者
牽著述,牽著述
牽著錄,牽著錄
犯不著,犯不着
犯不著作,犯不著作
犯不著名,犯不著名
犯不著書,犯不著書
犯不著稱,犯不著稱
犯不著者,犯不著者
犯不著述,犯不著述
犯不著錄,犯不著錄
犯得著,犯得着
狂占,狂佔
猜著,猜着
猜著作,猜著作
猜著名,猜著名
猜著書,猜著書
猜著稱,猜著稱
猜著者,猜著者
猜著述,猜著述
猜著錄,猜著錄
猶豫著,猶豫着
狱里,獄裏
独占,獨佔
獨占,獨佔
獨立國家國協,獨立國家聯合體
獨立國協,獨聯體
獲著,獲着
獲著作,獲著作
獲著名,獲著名
獲著書,獲著書
獲著稱,獲著稱
獲著者,獲著者
獲著述,獲著述
獲著錄,獲著錄
班固著,班固著
班里,班裏
球台,球枱
卢塞恩,琉森
諾鲁,瑙魯
萬那杜,瓦努阿圖
肯尼迪,甘迺迪
甜著,甜着
甜著作,甜著作
甜著名,甜著名
甜著書,甜著書
甜著稱,甜著稱
甜著者,甜著者
甜著述,甜著述
甜著錄,甜著錄
用不著,用不着
用得著,用得着
用法里,用法裏
用著,用着
用著作,用著作
用著名,用著名
用著書,用著書
用著稱,用著稱
用著者,用著者
用著述,用著述
用著錄,用著錄
田里,田裏
由表及里,由表及裏
A型肝炎,甲型肝炎
A肝,甲肝
界里,界裏
留著,留着
留著作,留著作
留著名,留著名
留著書,留著書
留著稱,留著稱
留著者,留著者
留著述,留著述
留著錄,留著錄
畫著,畫着
畫著作,畫著作
畫著名,畫著名
畫著稱,畫著稱
畫著者,畫著者
画里,畫裏
唐納·川普,當勞·特朗普
唐纳德·特朗普,當勞·特朗普
當著,當着
當著作,當著作
過著作,當著作
當著名,當著名
過著名,當著名
當著書,當著書
過著書,當著書
當著稱,當著稱
過著稱,當著稱
當著者,當著者
過著者,當著者
當著述,當著述
過著述,當著述
當著錄,當著錄
過著錄,當著錄
迭代,疊代
疑著,疑着
疑著作,疑著作
疑著名,疑著名
疑著書,疑著書
疑著稱,疑著稱
疑著者,疑著者
疑著述,疑著述
疑著錄,疑著錄
狂牛症,瘋牛症
疯牛病,瘋牛症
丹帕沙,登巴薩
发布,發佈
發布,發佈
發著,發着
發著《,發著《
發著作,發著作
發著名,發著名
發著稱,發著稱
發著者,發著者
白里透红,白裏透紅
戈登·布朗,白高敦
百慕大,百慕達
百科里,百科裏
的图里,的圖裏
的山里,的山裏
皮特凯恩,皮特肯
皮里春秋,皮裏春秋
皮里阳秋,皮裏陽秋
皺著,皺着
皺著作,皺著作
皺著名,皺著名
皺著書,皺著書
皺著稱,皺著稱
皺著者,皺著者
皺著述,皺著述
皺著錄,皺著錄
盒里,盒裏
盛著,盛着
盛著作,盛著作
盛著名,盛著名
盛著書,盛著書
盛著稱,盛著稱
盛著者,盛著者
盛著述,盛著述
盛著錄,盛著錄
盘里,盤裏
盧安達,盧旺達
羅亞爾,盧瓦爾
盯著,盯着
盯著作,盯著作
盯著名,盯著名
盯著書,盯著書
盯著稱,盯著稱
盯著者,盯著者
盯著述,盯著述
盯著錄,盯著錄
看不著,看不着
看得著,看得着
看法里,看法裏
看著,看着
看著作,看著作
看著名,看著名
看著書,看著書
看著稱,看著稱
看著者,看著者
看著述,看著述
看著錄,看著錄
真人秀,真人騷
眼眶里,眼眶裏
眼睛里,眼睛裏
眼里,眼裏
著什,着什
著他,着他
著你,着你
著力,着力
著地,着地
著墨,着墨
著她,着她
著妳,着妳
著它,着它
著實,着實
著忙,着忙
著急,着急
著想,着想
著意,着意
著我,着我
著手,着手
著數,着數
著法,着法
著涼,着涼
著火,着火
著甚麼,着甚麼
著眼,着眼
著祂,着祂
著筆,着筆
著絲,着絲
著緊,着緊
著腳,着腳
著艦,着艦
著色,着色
著落,着落
著衣,着衣
著裝,着裝
著迷,着迷
著重,着重
著錄,着錄
著陸,着陸
著鞭,着鞭
睡不著,睡不着
睡得著,睡得着
睡著,睡着
睡著作,睡著作
睡著名,睡著名
睡著書,睡著書
睡著稱,睡著稱
睡著者,睡著者
睡著述,睡著述
睡著錄,睡著錄
瞞著,瞞着
瞞著作,瞞著作
瞞著名,瞞著名
瞞著書,瞞著書
瞞著稱,瞞著稱
瞞著者,瞞著者
瞞著述,瞞著述
瞞著錄,瞞著錄
瞪著,瞪着
瞪著作,瞪著作
瞪著名,瞪著名
瞪著書,瞪著書
瞪著稱,瞪著稱
瞪著者,瞪著者
瞪著述,瞪著述
瞪著錄,瞪著錄
矛盾著,矛盾着
智慧財產權,知識產權
智財權,知識產權
短信,短訊
簡訊,短訊
什勒斯維希,石勒蘇益格
硅,矽
硅藻,硅藻
硬件,硬件
硬體,硬件
碗里,碗裏
貝克漢,碧咸
贝克汉姆,碧咸
社里,社裏
福馬林,福爾馬林
福著,福着
福著作,福著作
福著名,福著名
福著書,福著書
福著稱,福著稱
福著者,福著者
福著述,福著述
福著錄,福著錄
秀发布,秀發佈
私下里,私下裏
隐私,私隱
隱私,私隱
葛摩,科摩羅
程序员,程式設計師
捷豹,積架
稳占,穩佔
穩占,穩佔
穫著,穫着
空中布雷,空中佈雷
空中客车,空中巴士
空投布雷,空投佈雷
空气质量,空氣質素
空氣品質,空氣質素
空著,空着
空著作,空著作
空著名,空著名
空著書,空著書
空著稱,空著稱
空著者,空著者
空著述,空著述
空著錄,空著錄
太空梭,穿梭機
航天飞机,穿梭機
穿著,穿着
穿著作,穿著作
穿著名,穿著名
穿著書,穿著書
穿著稱,穿著稱
穿著者,穿著者
穿著述,穿著述
穿著錄,穿著錄
窝里,窩裏
窝里斗,窩裏鬥
立著,立着
立著《,立著《
立著作,立著作
立著名,立著名
立著有,立著有
立著称,立著稱
立著稱,立著稱
立著者,立著者
立著（,立著（
站著,站着
站著作,站著作
站著名,站著名
站著書,站著書
站著稱,站著稱
站著者,站著者
站著述,站著述
站著錄,站著錄
竪著,竪着
笑著,笑着
笑著作,笑著作
笑著名,笑著名
笑著書,笑著書
笑著稱,笑著稱
笑著者,笑著者
笑著述,笑著述
笑著錄,笑著錄
笑里藏刀,笑裏藏刀
提比里西,第比利斯
管著,管着
管著作,管著作
管著名,管著名
管著書,管著書
管著稱,管著稱
管著者,管著者
管著述,管著述
管著錄,管著錄
箱里,箱裏
节目里,節目裏
簽著,簽着
迈克尔,米高
麦克尔,米高
迈克尔·欧文,米高·奧雲
糊里糊涂,糊裏糊塗
系列里,系列裏
係數,系數
系里,系裏
紀錄著,紀錄着
約占,約佔
约占,約佔
紐賓士域,紐賓士域
索尔仁尼琴,索贊尼辛
索忍尼辛,索贊尼辛
索馬利亞,索馬里
索馬利里,索馬里
紮著,紮着
紮著作,紮著作
紮著名,紮著名
紮著書,紮著書
紮著稱,紮著稱
紮著者,紮著者
紮著述,紮著述
紮著錄,紮著錄
组里,組裏
吉他,結他
結彩,結綵
结彩,結綵
綁著,綁着
綁著作,綁著作
綁著名,綁著名
綁著書,綁著書
綁著稱,綁著稱
綁著者,綁著者
綁著述,綁著述
綁著錄,綁著錄
经文里,經文裏
网站里,網站裏
網路,網絡
网里,網裏
彩带,綵帶
彩帶,綵帶
彩排,綵排
彩楼,綵樓
彩樓,綵樓
彩牌楼,綵牌樓
彩牌樓,綵牌樓
彩球,綵球
彩綢,綵綢
彩绸,綵綢
彩船,綵船
线图里,線圖裏
緝凶,緝兇
县里,縣裏
缝里,縫裏
縱著,縱着
总数里,總數裏
尖峰時段,繁忙時段
尖峰時間,繁忙時間
正體中文,繁體中文
繃著,繃着
繞著,繞着
繞著作,繞著作
繞著名,繞著名
繞著書,繞著書
繞著稱,繞著稱
繞著者,繞著者
繞著述,繞著述
繞著錄,繞著錄
系着,繫着
繫著,繫着
纏著,纏着
纏著作,纏著作
纏著名,纏著名
纏著書,纏著書
纏著稱,纏著稱
纏著者,纏著者
纏著述,纏著述
纏著錄,纏著錄
罩著,罩着
罩著作,罩著作
罩著名,罩著名
罩著書,罩著書
罩著稱,罩著稱
罩著者,罩著者
罩著述,罩著述
罩著錄,罩著錄
罵著,罵着
罵著作,罵著作
罵著名,罵著名
罵著書,罵著書
罵著稱,罵著稱
罵著者,罵著者
罵著述,罵著述
罵著錄,罵著錄
卢浮宫,羅浮宮
美占,美佔
美著,美着
美著作,美著作
美著名,美著名
美著書,美著書
美著称,美著稱
美著稱,美著稱
美著者,美著者
美著述,美著述
美著錄,美著錄
耀著,耀着
耀著作,耀著作
耀著名,耀著名
耀著書,耀著書
耀著稱,耀著稱
耀著者,耀著者
耀著述,耀著述
耀著錄,耀著錄
寮國,老撾
寮人民民主共和國,老撾人民民主共和國
寮語,老撾語
考著,考着
考著作,考著作
考著名,考著名
考著書,考著書
考著稱,考著稱
考著者,考著者
考著述,考著述
考著錄,考著錄
圣乔治,聖佐治
聖喬治,聖佐治
圣基茨和尼维斯,聖吉斯納域斯
聖克里斯多福及尼維斯,聖吉斯納域斯
聖文森及格瑞那丁,聖文森特和格林納丁斯
聖露西亞,聖盧西亞
聖馬利諾,聖馬力諾
聽不著,聽不着
聽得著,聽得着
聽著,聽着
聽著作,聽著作
聽著名,聽著名
聽著書,聽著書
聽著稱,聽著稱
聽著者,聽著者
聽著述,聽著述
聽著錄,聽著錄
肚里,肚裏
肯尼亚,肯雅
胃里,胃裏
背地里,背地裏
背著,背着
背著作,背著作
背著名,背著名
背著書,背著書
背著稱,背著稱
背著者,背著者
背著述,背著述
背著錄,背著錄
胡里胡涂,胡裏胡塗
腰里,腰裏
膠著,膠着
膠著作,膠著作
膠著名,膠著名
膠著書,膠著書
膠著稱,膠著稱
膠著者,膠著者
膠著述,膠著述
膠著錄,膠著錄
塑料袋,膠袋
臨著,臨着
臨著作,臨著作
臨著名,臨著名
臨著書,臨著書
臨著稱,臨著稱
臨著者,臨著者
臨著述,臨著述
臨著錄,臨著錄
自行火炮,自走炮
與著,與着
與著作,與著作
與著名,與著名
與著書,與著書
與著稱,與著稱
與著者,與著者
與著述,與著述
與著錄,與著錄
舒马赫,舒麥加
愛荷華,艾奧瓦
爱荷华,艾奧瓦
埃菲尔,艾菲爾
帕塔亚,芭達亞
花盆里,花盆裏
苑里,苑裏
苑裡,苑裡
苦著,苦着
苦著作,苦著作
苦著名,苦著名
苦著書,苦著書
苦著稱,苦著稱
苦著者,苦著者
苦著述,苦著述
苦著錄,苦著錄
苦里,苦裏
英占,英佔
英文里,英文裏
共和联邦,英聯邦
大英國協,英聯邦
草丛里,草叢裏
霍爾斯坦,荷爾斯泰因
好莱坞,荷里活
好萊塢,荷里活
庄里,莊裏
莫三比克,莫桑比克
巴伦西亚,華倫西亞
巴倫西亞,華倫西亞
瓦倫西亞,華倫西亞
瓦文萨,華里沙
華勒沙,華里沙
菲利普亲王,菲臘親王
菲利普親王,菲臘親王
賴索托,萊索托
马恩岛,萌島
馬自達,萬事得
马自达,萬事得
万历朝鲜战争,萬曆朝鮮戰爭
落著,落着
落著作,落著作
落著名,落著名
落著書,落著書
落著稱,落著稱
落著者,落著者
落著述,落著述
落著錄,落著錄
葉爾欽,葉利欽
葡占,葡佔
葫芦里卖甚么药,葫蘆裏賣甚麼藥
蒙特婁,蒙特利爾
蒙著,蒙着
蒙著作,蒙著作
蒙著名,蒙著名
蒙著書,蒙著書
蒙著稱,蒙著稱
蒙著者,蒙著者
蒙著述,蒙著述
蒙著錄,蒙著錄
蓋著,蓋着
蓋著作,蓋著作
蓋著名,蓋著名
蓋著稱,蓋著稱
肖斯塔科维奇,蕭士達高維契
蕭士塔高維奇,蕭士達高維契
肖邦,蕭邦
薛丁格,薛定諤
塞拉耶佛,薩拉熱窩
萨达姆,薩達姆
藉著,藉着
藏著,藏着
藏著作,藏著作
藏著名,藏著名
藏著書,藏著書
藏著稱,藏著稱
藏著者,藏著者
藏著述,藏著述
藏著錄,藏著錄
蘊涵著,蘊涵着
蘸著,蘸着
蘸著作,蘸著作
蘸著名,蘸著名
蘸著書,蘸著書
蘸著稱,蘸著稱
蘸著者,蘸著者
蘸著述,蘸著述
蘸著錄,蘸著錄
蜜里调油,蜜裏調油
荧屏,螢屏
人行道,行人路
行家里手,行家裏手
首席执行官,行政總裁
行著,行着
行著作,行著作
行著名,行著名
行著書,行著書
行著稱,行著稱
行著者,行著者
行著述,行著述
行著錄,行著錄
衝著,衝着
衣著,衣着
衣著作,衣著作
衣著名,衣著名
衣著書,衣著書
衣著稱,衣著稱
衣著者,衣著者
衣著述,衣著述
衣著錄,衣著錄
表里,表裏
表里一致,表裏一致
表里不一,表裏不一
表里如一,表裏如一
表里山河,表裏山河
袋里,袋裏
袖里,袖裏
被里,被裏
裡,裏
里勾外连,裏勾外連
里屋,裏屋
里层,裏層
里带,裏帶
里弦,裏弦
里应外合,裏應外合
里海,裏海
里脊,裏脊
里衣,裏衣
里通外国,裏通外國
里通外敌,裏通外敵
里边,裏邊
里间,裏間
里面,裏面
里头,裏頭
裝著,裝着
裝著作,裝著作
裝著名,裝著名
裝著書,裝著書
裝著稱,裝著稱
裝著者,裝著者
裝著述,裝著述
裝著錄,裝著錄
裡冷,裡冷
裹著,裹着
裹著作,裹著作
裹著名,裹著名
裹著書,裹著書
裹著稱,裹著稱
裹著者,裹著者
裹著述,裹著述
裹著錄,裹著錄
衬里,襯裏
西占,西佔
塞維亞,西維爾
塞维利亚,西維爾
要占,要佔
要占卜,要占卜
覆著,覆着
覆蓋著,覆蓋着
見著,見着
見著作,見著作
見著名,見著名
見著書,見著書
見著稱,見著稱
見著者,見著者
見著述,見著述
見著錄,見著錄
視著,視着
視著作,視著作
視著名,視著名
視著稱,視著稱
視著者,視著者
角落里,角落裏
分辨率,解像度
解析度,解像度
言里,言裏
計畫,計劃
記著,記着
記著作,記著作
記著名,記著名
記著書,記著書
記著稱,記著稱
記著者,記著者
記著述,記著述
記著錄,記著錄
記錄著,記錄着
词里,詞裏
試著,試着
試著作,試著作
試著名,試著名
試著書,試著書
試著稱,試著稱
試著者,試著者
試著述,試著述
試著錄,試著錄
话里有话,話裏有話
语法里,語法裏
語著,語着
語著作,語著作
語著名,語著名
語著書,語著書
語著稱,語著稱
語著者,語著者
語著述,語著述
語著錄,語著錄
语里,語裏
說著,說着
說著作,說著作
說著稱,說著稱
說著者,說著者
說著述,說著述
數據機,調制解調器
论文里,論文裏
诺曼底,諾曼第
警戒著,警戒着
譯文里,譯文裏
變著,變着
變著作,變著作
變著名,變著名
變著書,變著書
變著稱,變著稱
變著者,變著者
變著述,變著述
變著錄,變著錄
豎著,豎着
豎著作,豎著作
豎著名,豎著名
豎著書,豎著書
豎著稱,豎著稱
豎著者,豎著者
豎著述,豎著述
豎著錄,豎著錄
象徵著名,象徵著名
象徵著,象著着
貝爾格勒,貝爾格萊德
布莱尔,貝理雅
負著,負着
貢寮,貢寮
買凶,買兇
費占,費佔
费占,費佔
信息时代,資訊時代
赌台,賭枱
尚比亞,贊比亞
西臺人,赫梯人
西臺國,赫梯國
西臺帝,赫梯帝
西臺文,赫梯文
西臺族,赫梯族
西臺王,赫梯王
西臺語,赫梯語
赫魯雪夫,赫魯曉夫
走為上著,走為上着
走著,走着
走著作,走著作
走著名,走著名
走著書,走著書
走著稱,走著稱
走著者,走著者
走著述,走著述
走著錄,走著錄
趕著,趕着
趕著作,趕著作
趕著名,趕著名
趕著書,趕著書
趕著稱,趕著稱
趕著者,趕著者
趕著述,趕著述
趕著錄,趕著錄
趴著,趴着
趴著作,趴著作
趴著名,趴著名
趴著書,趴著書
趴著稱,趴著稱
趴著者,趴著者
趴著述,趴著述
趴著錄,趴著錄
跑著,跑着
跑著作,跑著作
跑著名,跑著名
跑著書,跑著書
跑著稱,跑著稱
跑著者,跑著者
跑著述,跑著述
跑著錄,跑著錄
跟著,跟着
跟著作,跟著作
跟著名,跟著名
跟著書,跟著書
跟著稱,跟著稱
跟著者,跟著者
跟著述,跟著述
跟著錄,跟著錄
跪著,跪着
跪著作,跪著作
跪著名,跪著名
跪著書,跪著書
跪著稱,跪著稱
跪著者,跪著者
跪著述,跪著述
跪著錄,跪著錄
路图里,路圖裏
跳著,跳着
跳著作,跳著作
跳著名,跳著名
跳著書,跳著書
跳著稱,跳著稱
跳著者,跳著者
跳著述,跳著述
跳著錄,跳著錄
踏著,踏着
踏著作,踏著作
踏著名,踏著名
踏著稱,踏著稱
踏著者,踏著者
踏著述,踏著述
踏著錄,踏著錄
踩著,踩着
踩著作,踩著作
踩著名,踩著名
踩著書,踩著書
踩著稱,踩著稱
踩著者,踩著者
踩著述,踩著述
踩著錄,踩著錄
躍著,躍着
躍著作,躍著作
躍著名,躍著名
躍著書,躍著書
躍著稱,躍著稱
躍著者,躍著者
躍著述,躍著述
躍著錄,躍著錄
身著,身着
身著作,身著作
身著名,身著名
身著書,身著書
身著稱,身著稱
身著者,身著者
身著述,身著述
身著錄,身著錄
躺著,躺着
躺著作,躺著作
躺著名,躺著名
躺著書,躺著書
躺著稱,躺著稱
躺著者,躺著者
躺著述,躺著述
躺著錄,躺著錄
车库里,車庫裏
车站里,車站裏
车里,車裏
车里雅宾斯克,車里雅賓斯克
軟體,軟件
軟體動物,軟體動物
軟體家具,軟體家具
載著,載着
載著作,載著作
載著名,載著名
載著書,載著書
載著稱,載著稱
載著者,載著者
載著述,載著述
載著錄,載著錄
轉著,轉着
轉著作,轉著作
轉著名,轉著名
轉著書,轉著書
轉著稱,轉著稱
轉著者,轉著者
轉著述,轉著述
轉著錄,轉著錄
办公台,辦公枱
辦著,辦着
辦著作,辦著作
辦著名,辦著名
辦著書,辦著書
辦著稱,辦著稱
辦著者,辦著者
辦著述,辦著述
辦著錄,辦著錄
迫著,迫着
追著,追着
追著作,追著作
追著名,追著名
追著書,追著書
追著稱,追著稱
追著者,追著者
追著述,追著述
追著錄,追著錄
逆著,逆着
逆著作,逆著作
逆著名,逆著名
逆著書,逆著書
逆著稱,逆著稱
逆著者,逆著者
逆著述,逆著述
逆著錄,逆著錄
径入,逕入
径到,逕到
径取,逕取
径启,逕啟
径寄,逕寄
径庭,逕庭
径往,逕往
径自,逕自
径行,逕行
径迎,逕迎
这里,這裏
连占,連佔
連占,連佔
連著,連着
链接,連結
連著作,連著作
連著名,連著名
連著書,連著書
連著稱,連著稱
連著者,連著者
連著述,連著述
連著錄,連著錄
进占,進佔
進占,進佔
演化論,進化論
逼著,逼着
逼著作,逼著作
逼著名,逼著名
逼著書,逼著書
逼著稱,逼著稱
逼著者,逼著者
逼著述,逼著述
逼著錄,逼著錄
遇著,遇着
遇著作,遇著作
遇著名,遇著名
遇著書,遇著書
遇著称,遇著稱
遇著稱,遇著稱
遇著者,遇著者
遇著述,遇著述
遇著錄,遇著錄
游戏里,遊戲裏
遍布,遍佈
遍佈著,遍佈着
遍布著,遍佈着
過著,過着
道瓊,道瓊斯
道瓊斯,道瓊斯
达·芬奇,達·文西
达芬奇,達文西
達著,達着
達著作,達著作
達著名,達著名
達著書,達著書
達著稱,達著稱
達著者,達著者
達著述,達著述
達著錄,達著錄
还占,還佔
還占,還佔
邋里邋遢,邋裏邋遢
那里,那裏
都市里,都市裏
配合著,配合着
配合著名,配合著名
配图里,配圖裏
配著,配着
配著作,配著作
配著名,配著名
配著書,配著書
配著稱,配著稱
配著者,配著者
配著述,配著述
配著錄,配著錄
醯,酰
醜著,醜着
醜著作,醜著作
醜著名,醜著名
醜著書,醜著書
醜著稱,醜著稱
醜著者,醜著者
醜著述,醜著述
醜著錄,醜著錄
醯壶,醯壺
醯壺,醯壺
醯醋,醯醋
醯醢,醯醢
醯酱,醯醬
醯醬,醯醬
醯雞,醯雞
醯鸡,醯雞
釀著,釀着
釀著作,釀著作
釀著名,釀著名
釀著書,釀著書
釀著稱,釀著稱
釀著者,釀著者
釀著述,釀著述
釀著錄,釀著錄
金装玉里,金裝玉裏
鉤,鈎
鋪著,鋪着
鋪著作,鋪著作
鋪著名,鋪著名
鋪著書,鋪著書
鋪著稱,鋪著稱
鋪著者,鋪著者
鋪著述,鋪著述
鋪著錄,鋪著錄
镇里,鎮裏
镜图里,鏡圖裏
钟在寺里,鐘在寺裏
狄托,鐵托
泰坦尼克号,鐵達尼號
门里,門裏
閉著,閉着
閉著作,閉著作
閉著名,閉著名
閉著書,閉著書
閉著稱,閉著稱
閉著者,閉著者
閉著述,閉著述
閉著錄,閉著錄
克卜勒,開普勒
開著,開着
開著作,開著作
開著名,開著名
開著書,開著書
開著稱,開著稱
開著者,開著者
開著述,開著述
開著錄,開著錄
开诚布公,開誠佈公
開誠布公,開誠佈公
閑著,閑着
閑著作,閑著作
閑著名,閑著名
閑著書,閑著書
閑著稱,閑著稱
閑著者,閑著者
閑著述,閑著述
閑著錄,閑著錄
閒著,閒着
间里,間裏
關係著,關係着
關著,關着
關著作,關著作
關著名,關著名
關著書,關著書
關著稱,關著稱
關著者,關著者
關著述,關著述
關著錄,關著錄
聞不著,闻不着
聞得著,闻得着
聞著,闻着
亞塞拜然,阿塞拜疆
阿布達比,阿布扎比
撒拉威阿拉伯,阿拉伯撒哈拉
阿拉伯聯合大公國,阿拉伯聯合酋長國
亞斯文,阿斯旺
阿联酋,阿聯酋
艾里爾·夏隆,阿里埃勒·沙龍
附著,附着
附著作,附著作
附著名,附著名
附著書,附著書
附著稱,附著稱
附著者,附著者
附著述,附著述
附著錄,附著錄
陋著,陋着
陋著作,陋著作
陋著名,陋著名
陋著書,陋著書
陋著稱,陋著稱
陋著者,陋著者
陋著述,陋著述
陋著錄,陋著錄
院里,院裏
陪著,陪着
陪著作,陪著作
陪著名,陪著名
陪著書,陪著書
陪著稱,陪著稱
陪著者,陪著者
陪著述,陪著述
陪著錄,陪著錄
阴沟里翻船,陰溝裏翻船
队里,隊裏
隔著,隔着
隔著作,隔著作
隔著名,隔著名
隔著書,隔著書
隔著稱,隔著稱
隔著者,隔著者
隔著述,隔著述
隔著錄,隔著錄
隨著,隨着
隨著作,隨著作
隨著名,隨著名
隨著書,隨著書
隨著稱,隨著稱
隨著者,隨著者
隨著述,隨著述
隨著錄,隨著錄
隐占,隱佔
隱占,隱佔
雅爾達,雅爾塔
雅著,雅着
雅穆索戈,雅穆蘇克雷
雅著作,雅著作
雅著名,雅著名
雅著書,雅著書
雅著称,雅著稱
雅著稱,雅著稱
雅著者,雅著者
雅著述,雅著述
雅著錄,雅著錄
集数里,集數裏
集里,集裏
雜著,雜着
雜著作,雜著作
雜著名,雜著名
雜著書,雜著書
雜著稱,雜著稱
雜著者,雜著者
雜著述,雜著述
雜著錄,雜著錄
鸡蛋里挑骨头,雞蛋裏挑骨頭
冰淇淋,雪糕
冰激凌,雪糕
雪里,雪裏
云里雾里,雲裏霧裏
莱特湾,雷伊泰灣
萊特灣,雷伊泰灣
电影里,電影裏
晶体管,電晶體
晶體管,電晶體
电梯里,電梯裏
电脑程序,電腦程式
计算机程序,電腦程式
电视里,電視裏
霄裡,霄裡
荷姆茲,霍爾木茲
雾里,霧裏
霸占,霸佔
非占不可,非佔不可
靠著,靠着
靠著作,靠著作
靠著名,靠著名
靠著称,靠著稱
靠著稱,靠著稱
靠著者,靠著者
靠著述,靠著述
靠著录,靠著錄
靠著錄,靠著錄
面包著,面包着
鞋里,鞋裏
鞭辟入里,鞭辟入裏
朝鲜战争,韓戰
響著,響着
響著作,響著作
響著名,響著名
響著書,響著書
響著稱,響著稱
響著者,響著者
響著述,響著述
響著錄,響著錄
頂著,頂着
頂著作,頂著作
頂著名,頂著名
頂著書,頂著書
頂著稱,頂著稱
頂著者,頂著者
頂著述,頂著述
頂著錄,頂著錄
順著,順着
順著作,順著作
順著名,順著名
順著書,順著書
順著稱,順著稱
順著者,順著者
順著述,順著述
順著錄,順著錄
頒布,頒佈
颁布,頒佈
領著,領着
領著作,領著作
領著名,領著名
領著書,領著書
領著稱,領著稱
領著者,領著者
領著述,領著述
領著錄,領著錄
头里,頭裏
风里,風裏
颳著,颳着
飃著,飃着
飄著,飄着
飄著作,飄著作
飄著名,飄著名
飄著書,飄著書
飄著稱,飄著稱
飄著者,飄著者
飄著述,飄著述
飄著錄,飄著錄
餐台,餐枱
馆里,館裏
糊口,餬口
馬里蘭,馬利蘭
马里兰,馬利蘭
馬拉度納,馬勒當拿
马拉多纳,馬勒當拿
马拉特·萨芬,馬拉特·沙芬
馬斯垂克,馬斯特里赫特
馬爾地夫,馬爾代夫
馬利共和國,馬里共和國
駕著,駕着
駕著作,駕著作
駕著名,駕著名
駕著書,駕著書
駕著稱,駕著稱
駕著者,駕著者
駕著述,駕著述
駕著錄,駕著錄
騎著,騎着
騎著作,騎著作
騎著名,騎著名
騎著書,騎著書
騎著稱,騎著稱
騎著者,騎著者
騎著述,騎著述
騎著錄,騎著錄
騙著,騙着
騙著作,騙著作
騙著名,騙著名
騙著書,騙著書
騙著稱,騙著稱
騙著者,騙著者
騙著述,騙著述
騙著錄,騙著錄
驶著,驶着
体里,體裏
高畫質,高清
高著,高着
高著作,高著作
高著名,高著名
高著書,高著書
高著称,高著稱
高著稱,高著稱
高著者,高著者
高著述,高著述
高著錄,高著錄
斗着,鬥着
鬥著,鬥着
鬥著作,鬥著作
鬥著名,鬥著名
鬥著書,鬥著書
鬥著稱,鬥著稱
鬥著者,鬥著者
鬥著述,鬥著述
鬥著錄,鬥著錄
鬧著,鬧着
牛軋,鳥結
牛轧,鳥結
鳩占,鳩佔
鸠占,鳩佔
麼著,麼着
芮氏0,黎克特制0
里氏0,黎克特制0
芮氏1,黎克特制1
里氏1,黎克特制1
芮氏2,黎克特制2
里氏2,黎克特制2
芮氏3,黎克特制3
里氏3,黎克特制3
芮氏4,黎克特制4
里氏4,黎克特制4
芮氏5,黎克特制5
里氏5,黎克特制5
芮氏6,黎克特制6
里氏6,黎克特制6
芮氏7,黎克特制7
里氏7,黎克特制7
芮氏8,黎克特制8
里氏8,黎克特制8
芮氏9,黎克特制9
里氏9,黎克特制9
芮氏地震規模,黎克特制地震震級
里氏地震规模,黎克特制地震震級
芮氏規模,黎克特制震級
里氏规模,黎克特制震級
里氏震级,黎克特制震級
黏著,黏着
黏著作,黏著作
黏著名,黏著名
黏著書,黏著書
黏著稱,黏著稱
黏著者,黏著者
黏著述,黏著述
黏著錄,黏著錄
蒙特內哥羅,黑山
點著,點着
點著作,點著作
點著名,點著名
點著書,點著書
點著稱,點著稱
點著者,點著者
點著述,點著述
點著錄,點著錄
点里,點裏
点里程,點里程
鼓里,鼓裏
