㑯,㑔
㑳,㑇
㑶,㐹
㒓,𠉂
㒺,罔
㓂,寇
㓨,刾
㕁,却
㕑,厨
㕘,参
㕥,以
㗲,𠵾
㘚,㘎
㘭,坳
㜄,㚯
㜏,㛣
㜢,𡞱
㜷,𡝠
㝛,宿
㝠,冥
㞞,𪨊
㠀,岛
㠏,㟆
㠣,𫵷
㠯,以
㠶,帆
㡌,帽
㢘,廉
㢝,𢋈
㤙,恩
㥦,惬
㥮,㤘
㦎,𢛯
㨗,捷
㨪,晃
㨿,据
㩗,携
㩜,㨫
㩦,携
㩳,㧐
㪚,散
㪟,敦
㬉,暖
㬪,叠
㯭,橹
㱃,饮
㳒,法
㴱,深
㷿,𤈷
㺏,𤠋
㼝,碗
㽞,留
㿜,瘪
㿧,𤽯
䀹,𥅴
䁪,𥇢
䁻,䀥
䃮,鿎
䈰,筲
䉙,𥬀
䉬,𫂈
䉲,𥮜
䊀,糊
䊭,𥺅
䊷,䌶
䋙,䌺
䋚,䌻
䋹,䌿
䋻,䌾
䋿,𦈓
䌈,𦈖
䌋,𦈘
䌖,𦈜
䌝,𦈟
䌟,𦈞
䌥,𦈠
䌰,𦈙
䎱,䎬
䓣,𬜯
䕳,𦰴
䗬,蜂
䗿,𧉞
䘏,恤
䘑,脉
䘚,卒
䙡,䙌
䛐,词
䛡,话
䜀,䜧
䝔,獾
䝻,𧹕
䝼,䞍
䞈,𧹑
䠀,蹚
䠶,射
䡵,𫟦
䢨,𨑹
䥇,䦂
䥑,鿏
䥕,𬭯
䥥,镰
䥩,𨱖
䥱,䥾
䦘,𨸄
䦛,䦶
䦟,䦷
䦳,𨷿
䧢,𨸟
䪏,𩏼
䪗,𩐀
䪘,𩏿
䫴,𩖗
䬃,飒
䬘,𩙮
䬝,𩙯
䬞,𩙧
䭀,𩠇
䭃,𩠈
䭾,驮
䭿,𩧭
䮄,𫠊
䮝,𩧰
䮞,𩨁
䮠,𩧿
䮫,𩨇
䮳,𩨏
䮾,𩧪
䯀,䯅
䰟,魂
䰾,鲃
䱙,𩾈
䱬,𩾊
䱰,𩾋
䱷,䲣
䱽,䲝
䲁,鳚
䲖,𩾂
䲘,鳤
䲰,𪉂
䳘,鹅
䴉,鹮
䴬,𪎈
䴴,𪎋
䶊,衄
丟,丢
丣,卯
並,并
乗,乘
乹,干
乾,干
亁,干
亂,乱
亙,亘
亝,斋
亞,亚
亱,夜
亷,廉
亾,亡
佇,伫
佈,布
佔,占
併,并
來,来
侖,仑
侶,侣
俁,俣
係,系
俔,伣
俠,侠
俥,伡
俻,备
倀,伥
倆,俩
倈,俫
倉,仓
個,个
倐,倏
們,们
倖,幸
倣,仿
倫,伦
倲,㑈
倸,睬
偉,伟
偑,㐽
側,侧
偵,侦
偽,伪
傌,㐷
傑,杰
傖,伧
傘,伞
備,备
傚,效
傢,家
傭,佣
傯,偬
傳,传
傴,伛
債,债
傷,伤
傾,倾
僂,偻
僅,仅
僉,佥
僊,仙
働,动
僑,侨
僕,仆
僞,伪
僤,𫢸
僥,侥
僨,偾
僱,雇
價,价
儀,仪
儂,侬
億,亿
儈,侩
儉,俭
儌,侥
儐,傧
儔,俦
儕,侪
儘,尽
償,偿
儣,𠆲
優,优
儲,储
儷,俪
儸,㑩
儺,傩
儻,傥
儼,俨
兇,凶
兌,兑
兎,兔
兒,儿
兗,兖
兠,兜
內,内
兩,两
冄,冉
冊,册
冐,冒
冑,胄
冪,幂
冺,泯
凈,净
凍,冻
凙,𪞝
凜,凛
凢,凡
凱,凯
凴,凭
別,别
刦,劫
刧,劫
刪,删
刼,劫
剄,刭
則,则
剉,锉
剋,克
剎,刹
剏,创
剗,刬
剙,创
剛,刚
剝,剥
剮,剐
剳,札
剴,剀
創,创
剷,铲
剹,戮
剾,𠛅
劃,划
劄,札
劇,剧
劉,刘
劊,刽
劌,刿
劍,剑
劏,㓥
劑,剂
劒,剑
劚,㔉
効,效
勁,劲
勅,敕
勌,倦
勑,敕
動,动
務,务
勛,勋
勝,胜
勞,劳
勢,势
勣,𪟝
勦,剿
勩,勚
勱,劢
勳,勋
勵,励
勸,劝
勻,匀
匟,炕
匭,匦
匯,汇
匱,匮
匲,奁
匳,奁
區,区
協,协
卹,恤
卻,却
卽,即
厀,膝
厙,厍
厠,厕
厤,历
厭,厌
厰,厂
厲,厉
厴,厣
參,参
叄,叁
叢,丛
吚,咿
吳,吴
吶,呐
呂,吕
呌,叫
呪,咒
咊,和
咼,呙
員,员
哯,𠯟
哶,咩
唄,呗
唕,唣
唘,启
唚,吣
唸,念
啎,忤
問,问
啑,喋
啓,启
啗,啖
啞,哑
啟,启
啢,唡
啣,衔
喎,㖞
喚,唤
喪,丧
喫,吃
喬,乔
單,单
喲,哟
嗁,啼
嗆,呛
嗇,啬
嗊,唝
嗎,吗
嗚,呜
嗩,唢
嗶,哔
嗹,𪡏
嘆,叹
嘍,喽
嘑,呼
嘓,啯
嘔,呕
嘖,啧
嘗,尝
嘜,唛
嘠,嘎
嘩,哗
嘮,唠
嘯,啸
嘰,叽
嘵,哓
嘷,嗥
嘸,呒
嘽,啴
噁,𫫇
噅,𠯠
噉,啖
噓,嘘
噚,㖊
噝,咝
噠,哒
噥,哝
噦,哕
噯,嗳
噲,哙
噴,喷
噸,吨
噹,当
嚀,咛
嚇,吓
嚌,哜
嚐,尝
嚕,噜
嚙,啮
嚥,咽
嚦,呖
嚨,咙
嚮,向
嚲,亸
嚳,喾
嚴,严
嚶,嘤
囀,啭
囁,嗫
囂,嚣
囅,冁
囈,呓
囉,啰
囌,苏
囑,嘱
囓,啮
囙,因
囪,囱
圅,函
圇,囵
國,国
圍,围
園,园
圓,圆
圖,图
團,团
圞,𪢮
坿,附
垜,垛
垻,坝
埡,垭
埨,𫭢
執,执
堅,坚
堊,垩
堝,埚
堯,尧
報,报
場,场
塊,块
塋,茔
塏,垲
塒,埘
塗,涂
塚,冢
塟,葬
塢,坞
塤,埙
塲,场
塵,尘
塸,𫭟
塹,堑
塿,𪣻
墊,垫
墖,塔
墜,坠
墠,𫮃
墮,堕
墰,坛
墳,坟
墻,墙
墾,垦
壇,坛
壈,𡒄
壋,垱
壎,埙
壓,压
壘,垒
壙,圹
壚,垆
壜,坛
壞,坏
壟,垄
壠,垅
壢,坜
壩,坝
壪,塆
壯,壮
壺,壶
壻,婿
壼,壸
壽,寿
夘,卯
夠,够
夢,梦
夥,伙
夾,夹
奐,奂
奧,奥
奩,奁
奪,夺
奬,奖
奮,奋
奼,姹
妝,妆
妬,妒
妳,你
妷,侄
姉,姊
姍,姗
姙,妊
姦,奸
姪,侄
姸,妍
娙,𫰛
娛,娱
婁,娄
婣,姻
婦,妇
婬,淫
婭,娅
媍,妇
媧,娲
媯,妫
媰,㛀
媼,媪
媽,妈
媿,愧
嫋,袅
嫗,妪
嫰,嫩
嫵,妩
嫺,娴
嫻,娴
嫿,婳
嬀,妫
嬃,媭
嬈,娆
嬋,婵
嬌,娇
嬙,嫱
嬝,袅
嬡,嫒
嬤,嬷
嬪,嫔
嬭,奶
嬰,婴
嬸,婶
嬾,懒
孃,娘
孋,㛤
孌,娈
孫,孙
學,学
孼,孽
孿,孪
宂,冗
宮,宫
寀,采
寃,冤
寑,寝
寢,寝
實,实
寧,宁
審,审
寫,写
寬,宽
寳,宝
寵,宠
寶,宝
尅,克
將,将
專,专
尋,寻
對,对
導,导
尒,尔
尙,尚
尟,鲜
尠,鲜
尷,尴
屆,届
屍,尸
屓,屃
屛,屏
屜,屉
屢,屡
層,层
屨,屦
屩,𪨗
屬,属
屭,屃
岅,坂
岡,冈
峝,峒
峴,岘
島,岛
峽,峡
崍,崃
崑,昆
崗,岗
崙,仑
崢,峥
崬,岽
嵐,岚
嵗,岁
嵼,𡶴
嵽,𫶇
嶁,嵝
嶃,崭
嶄,崭
嶇,岖
嶔,嵚
嶗,崂
嶠,峤
嶢,峣
嶧,峄
嶨,峃
嶮,崄
嶸,嵘
嶺,岭
嶼,屿
嶽,岳
巋,岿
巒,峦
巔,巅
巖,岩
巗,岩
巘,𪩘
巠,𢀖
巰,巯
巵,卮
帀,匝
帋,纸
帥,帅
師,师
帬,裙
帳,帐
帶,带
幀,帧
幃,帏
幇,帮
幑,徽
幗,帼
幘,帻
幙,幕
幚,帮
幟,帜
幣,币
幫,帮
幬,帱
幹,干
幾,几
庫,库
庻,庶
庽,寓
廁,厕
廂,厢
廄,厩
廈,厦
廎,庼
廐,厩
廕,荫
廚,厨
廝,厮
廞,𫷷
廟,庙
廠,厂
廡,庑
廢,废
廣,广
廩,廪
廬,庐
廳,厅
廵,巡
廹,迫
廻,回
弒,弑
弔,吊
弳,弪
張,张
強,强
彄,𫸩
彆,别
彈,弹
彌,弥
彎,弯
彙,汇
彞,彝
彠,彟
彥,彦
彫,雕
彲,彨
徃,往
後,后
徑,径
從,从
徠,徕
徧,遍
復,复
徵,征
徹,彻
怱,匆
怳,恍
恆,恒
恠,怪
恡,吝
恥,耻
悅,悦
悞,悮
悤,匆
悵,怅
悶,闷
悽,凄
惏,婪
惡,恶
惥,恿
惱,恼
惲,恽
惷,蠢
惻,恻
愛,爱
愜,惬
愨,悫
愴,怆
愷,恺
愽,博
愾,忾
慄,栗
態,态
慍,愠
慘,惨
慙,惭
慚,惭
慟,恸
慣,惯
慤,悫
慪,怄
慫,怂
慮,虑
慳,悭
慴,慑
慶,庆
慼,戚
慽,戚
慾,欲
憂,忧
憇,憩
憊,惫
憐,怜
憑,凭
憒,愦
憚,惮
憤,愤
憫,悯
憮,怃
憲,宪
憶,忆
懀,𢙓
懇,恳
應,应
懌,怿
懍,懔
懟,怼
懣,懑
懨,恹
懲,惩
懶,懒
懷,怀
懸,悬
懺,忏
懼,惧
懾,慑
戀,恋
戇,戆
戔,戋
戞,戛
戧,戗
戩,戬
戯,戏
戰,战
戱,戯
戲,戏
戶,户
戹,厄
扞,捍
抝,拗
拋,抛
拚,拼
挩,捝
挱,挲
挵,弄
挾,挟
捄,救
捨,舍
捫,扪
捲,卷
掃,扫
掄,抡
掆,㧏
掗,挜
掙,挣
掛,挂
採,采
掽,碰
揀,拣
揑,捏
揚,扬
換,换
揫,揪
揮,挥
揷,插
揹,背
搆,构
搇,揿
搉,榷
損,损
搖,摇
搗,捣
搤,扼
搥,捶
搨,拓
搯,掏
搵,揾
搶,抢
搾,榨
摃,扛
摋,𢫬
摑,掴
摜,掼
摟,搂
摯,挚
摳,抠
摶,抟
摺,折
摻,掺
撈,捞
撏,挦
撐,撑
撓,挠
撝,㧑
撟,挢
撡,操
撣,掸
撥,拨
撦,扯
撫,抚
撲,扑
撳,揿
撻,挞
撾,挝
撿,捡
擁,拥
擄,掳
擇,择
擊,击
擋,挡
擓,㧟
擔,担
擕,携
據,据
擠,挤
擣,𢭏
擧,举
擬,拟
擯,摈
擰,拧
擱,搁
擲,掷
擴,扩
擷,撷
擺,摆
擻,擞
擼,撸
擽,㧰
擾,扰
攄,摅
攆,撵
攏,拢
攔,拦
攖,撄
攙,搀
攛,撺
攜,携
攝,摄
攢,攒
攣,挛
攤,摊
攩,挡
攪,搅
攬,揽
攷,考
敂,叩
敍,叙
敗,败
敘,叙
敵,敌
數,数
敺,驱
斂,敛
斃,毙
斅,𢽾
斆,敩
斕,斓
斬,斩
斷,断
於,于
旂,旗
旣,既
旤,祸
旹,时
旾,春
昬,昏
時,时
晉,晋
晛,𬀪
晝,昼
暈,晕
暉,晖
暐,𬀩
暘,旸
暢,畅
暫,暂
暱,昵
曄,晔
曆,历
曇,昙
曉,晓
曖,暧
曠,旷
曡,叠
曥,𣆐
曨,昽
曬,晒
書,书
會,会
朞,期
朢,望
朥,𦛨
朧,胧
朮,术
朶,朵
東,东
杴,锨
枱,台
柵,栅
柺,拐
査,查
栁,柳
栞,刊
栢,柏
栰,筏
桒,桑
桮,杯
桺,柳
桿,杆
梔,栀
梘,枧
梜,𬂩
條,条
梟,枭
梲,棁
棄,弃
棊,棋
棖,枨
棗,枣
棟,栋
棡,㭎
棧,栈
棲,栖
棶,梾
椏,桠
椗,碇
椲,㭏
椶,棕
椷,缄
椾,笺
楊,杨
楓,枫
楥,楦
楨,桢
業,业
極,极
榦,干
榪,杩
榮,荣
榲,榅
榿,桤
構,构
槍,枪
槓,杠
槕,桌
槤,梿
槧,椠
槨,椁
槮,椮
槳,桨
槶,椢
槼,椝
樁,桩
樂,乐
樅,枞
樑,梁
樓,楼
標,标
樞,枢
樢,㭤
樣,样
樫,㭴
樳,桪
樸,朴
樹,树
樺,桦
樿,椫
橈,桡
橋,桥
橜,橛
機,机
橢,椭
橫,横
檁,檩
檉,柽
檔,档
檜,桧
檟,槚
檢,检
檣,樯
檭,𣘴
檮,梼
檯,台
檳,槟
檸,柠
檻,槛
櫃,柜
櫈,凳
櫍,𬃊
櫓,橹
櫚,榈
櫛,栉
櫝,椟
櫞,橼
櫟,栎
櫥,橱
櫧,槠
櫨,栌
櫪,枥
櫫,橥
櫬,榇
櫱,蘖
櫳,栊
櫸,榉
櫻,樱
欄,栏
欅,榉
權,权
欍,𣐤
欏,椤
欒,栾
欓,𣗋
欖,榄
欝,郁
欞,棂
欵,款
欽,钦
歎,叹
歐,欧
歛,敛
歟,欤
歡,欢
歲,岁
歴,历
歷,历
歸,归
歿,殁
殀,夭
殘,残
殞,殒
殤,殇
殨,㱮
殫,殚
殭,僵
殮,殓
殯,殡
殰,㱩
殲,歼
殺,杀
殻,壳
殼,壳
毀,毁
毆,殴
毧,绒
毬,球
毿,毵
氂,牦
氈,毡
氊,毡
氌,氇
氣,气
氫,氢
氬,氩
氳,氲
氷,冰
汙,污
汚,污
決,决
沒,没
沖,冲
況,况
泝,溯
洩,泄
洶,汹
浹,浃
浿,𬇙
涇,泾
涖,莅
涼,凉
淒,凄
淚,泪
淛,浙
淥,渌
淨,净
淩,凌
淪,沦
淵,渊
淶,涞
淺,浅
渙,涣
減,减
渢,沨
渦,涡
測,测
渾,浑
湊,凑
湋,𣲗
湞,浈
湧,涌
湯,汤
湼,涅
溈,沩
準,准
溝,沟
溫,温
溮,浉
溳,涢
溼,湿
滄,沧
滅,灭
滌,涤
滎,荥
滙,汇
滛,淫
滬,沪
滯,滞
滲,渗
滷,卤
滸,浒
滻,浐
滾,滚
滿,满
漁,渔
漊,溇
漍,𬇹
漚,沤
漢,汉
漣,涟
漬,渍
漲,涨
漵,溆
漸,渐
漿,浆
潁,颍
潄,漱
潑,泼
潔,洁
潕,𣲘
潙,沩
潛,潜
潤,润
潯,浔
潰,溃
潷,滗
潿,涠
澀,涩
澁,涩
澅,𣶩
澆,浇
澇,涝
澐,沄
澗,涧
澠,渑
澤,泽
澦,滪
澩,泶
澫,𬇕
澮,浍
澱,淀
澾,㳠
濁,浊
濃,浓
濄,㳡
濆,𣸣
濇,涩
濕,湿
濘,泞
濜,浕
濟,济
濤,涛
濧,㳔
濫,滥
濰,潍
濱,滨
濶,阔
濺,溅
濼,泺
濾,滤
瀂,澛
瀃,𣽷
瀅,滢
瀆,渎
瀇,㲿
瀉,泻
瀋,沈
瀏,浏
瀕,濒
瀘,泸
瀝,沥
瀟,潇
瀠,潆
瀦,潴
瀧,泷
瀨,濑
瀰,弥
瀲,潋
瀾,澜
灃,沣
灄,滠
灋,法
灑,洒
灕,漓
灘,滩
灙,𣺼
灝,灏
灠,漤
灣,湾
灤,滦
灧,滟
灩,滟
災,灾
為,为
烏,乌
烖,灾
烴,烃
無,无
煉,炼
煑,煮
煒,炜
煗,暖
煙,烟
煢,茕
煥,焕
煩,烦
煬,炀
煱,㶽
熅,煴
熈,熙
熉,𤈶
熌,𤇄
熒,荧
熓,𤆡
熗,炝
熡,𤋏
熰,𬉼
熱,热
熲,颎
熾,炽
燀,𬊤
燁,烨
燄,焰
燈,灯
燉,炖
燒,烧
燖,𬊈
燙,烫
燜,焖
營,营
燦,灿
燬,毁
燭,烛
燴,烩
燶,㶶
燻,熏
燼,烬
燾,焘
爄,𤇃
爍,烁
爐,炉
爗,烨
爛,烂
爭,争
爲,为
爺,爷
爾,尔
牀,床
牆,墙
牋,笺
牎,窗
牐,闸
牓,榜
牕,窗
牘,牍
牠,它
牴,抵
牽,牵
犖,荦
犢,犊
犧,牺
狀,状
狥,徇
狹,狭
狽,狈
猂,悍
猙,狰
猨,猿
猶,犹
猻,狲
獁,犸
獃,呆
獄,狱
獅,狮
獎,奖
獘,毙
獧,狷
獨,独
獪,狯
獫,猃
獮,狝
獰,狞
獱,㺍
獲,获
獵,猎
獷,犷
獸,兽
獺,獭
獻,献
獼,猕
玀,猡
玁,𤞤
玅,妙
現,现
琖,盏
琱,雕
琺,珐
琿,珲
瑇,玳
瑋,玮
瑒,玚
瑣,琐
瑤,瑶
瑩,莹
瑪,玛
瑯,琅
瑲,玱
瑽,𪻐
璉,琏
璊,𫞩
璕,𬍤
璗,𬍡
璡,琎
璢,瑠
璣,玑
璦,瑷
璫,珰
璯,㻅
環,环
璵,玙
璸,瑸
璽,玺
瓅,𬍛
瓊,琼
瓏,珑
瓔,璎
瓕,𤦀
瓚,瓒
瓛,𤩽
甌,瓯
甎,砖
甕,瓮
甖,罂
甞,尝
產,产
産,产
畂,亩
畆,亩
畝,亩
畢,毕
畧,略
畫,画
畮,亩
異,异
畱,留
畵,画
當,当
疇,畴
疊,叠
疎,疏
疘,肛
疿,痱
痐,蛔
痙,痉
痠,酸
痲,痳
痺,痹
瘂,痖
瘉,愈
瘋,疯
瘍,疡
瘓,痪
瘖,喑
瘞,瘗
瘡,疮
瘧,疟
瘮,瘆
瘲,疭
瘺,瘘
瘻,瘘
療,疗
癄,憔
癅,瘤
癆,痨
癇,痫
癈,废
癉,瘅
癒,愈
癘,疠
癟,瘪
癡,痴
癢,痒
癤,疖
癥,症
癧,疬
癩,癞
癬,癣
癭,瘿
癮,瘾
癰,痈
癱,瘫
癲,癫
發,发
皁,皂
皐,皋
皚,皑
皜,皓
皟,𤾀
皰,疱
皷,鼓
皸,皲
皺,皱
盃,杯
盇,盍
盌,碗
盜,盗
盞,盏
盡,尽
監,监
盤,盘
盧,卢
盪,荡
眎,视
眞,真
眡,视
眥,眦
眾,众
睍,𪾢
睏,困
睜,睁
睞,睐
睠,眷
睪,睾
瞇,眯
瞖,翳
瞘,眍
瞜,䁖
瞞,瞒
瞤,𥆧
瞭,了
瞶,瞆
瞼,睑
矁,瞅
矇,蒙
矓,眬
矙,瞰
矚,瞩
矯,矫
砲,炮
硃,朱
硜,硁
硤,硖
硨,砗
硯,砚
碙,𥐻
碩,硕
碪,砧
碭,砀
碸,砜
確,确
碼,码
碽,䂵
磑,硙
磚,砖
磟,碌
磠,硵
磣,碜
磧,碛
磯,矶
磽,硗
磾,䃅
礄,硚
礆,碱
礎,础
礐,𬒈
礒,𥐟
礙,碍
礦,矿
礪,砺
礫,砾
礬,矾
礮,炮
礱,砻
祕,秘
祘,算
祿,禄
禍,祸
禎,祯
禕,祎
禡,祃
禦,御
禪,禅
禮,礼
禰,祢
禱,祷
禿,秃
秈,籼
秊,年
秌,秋
秖,只
稅,税
稈,秆
稉,粳
稏,䅉
稜,棱
稟,禀
稬,糯
稭,秸
種,种
稱,称
稾,稿
穀,谷
穌,稣
積,积
穎,颖
穠,秾
穡,穑
穢,秽
穤,糯
穨,颓
穩,稳
穫,获
穭,稆
穽,阱
窓,窗
窩,窝
窪,洼
窮,穷
窯,窑
窰,窑
窵,窎
窶,窭
窺,窥
窻,窗
竄,窜
竅,窍
竇,窦
竈,灶
竊,窃
竚,伫
竝,并
竢,俟
竪,竖
競,竞
筆,笔
筍,笋
筞,策
筧,笕
筩,筒
筯,箸
筴,䇲
箇,个
箋,笺
箏,筝
箒,帚
箠,棰
節,节
範,范
築,筑
篋,箧
篔,筼
篘,𥬠
篛,箬
篢,𬕂
篤,笃
篩,筛
篳,筚
簀,箦
簍,篓
簑,蓑
簒,篡
簞,箪
簡,简
簣,篑
簫,箫
簮,簪
簷,檐
簹,筜
簽,签
簾,帘
籃,篮
籋,𥬞
籌,筹
籐,藤
籔,䉤
籙,箓
籛,篯
籜,箨
籟,籁
籠,笼
籤,签
籩,笾
籪,簖
籬,篱
籮,箩
籲,吁
粃,秕
粧,妆
粵,粤
糉,粽
糝,糁
糞,粪
糧,粮
糰,团
糲,粝
糴,籴
糶,粜
糹,纟
糾,纠
紀,纪
紂,纣
紃,𬘓
約,约
紅,红
紆,纡
紇,纥
紈,纨
紉,纫
紋,纹
納,纳
紐,纽
紓,纾
純,纯
紕,纰
紖,纼
紗,纱
紘,纮
紙,纸
級,级
紛,纷
紜,纭
紝,纴
紞,𬘘
紡,纺
紥,扎
紬,䌷
紮,扎
細,细
紱,绂
紲,绁
紳,绅
紵,纻
紹,绍
紺,绀
紼,绋
紿,绐
絀,绌
終,终
絃,弦
組,组
絅,䌹
絆,绊
絎,绗
絏,绁
結,结
絕,绝
絛,绦
絝,绔
絞,绞
絡,络
絢,绚
給,给
絨,绒
絪,𬘡
絰,绖
統,统
絲,丝
絳,绛
絶,绝
絹,绢
絺,𫄨
綀,𦈌
綁,绑
綃,绡
綄,𬘫
綆,绠
綇,𦈋
綈,绨
綉,绣
綌,绤
綎,𬘩
綏,绥
綐,䌼
綑,捆
經,经
綖,𫄧
綜,综
綝,𬘭
綞,缍
綠,绿
綡,𫟅
綢,绸
綣,绻
綧,𬘯
綪,𬘬
綫,线
綬,绶
維,维
綯,绹
綰,绾
綱,纲
網,网
綴,缀
綵,彩
綸,纶
綹,绺
綺,绮
綻,绽
綽,绰
綾,绫
綿,绵
緄,绲
緇,缁
緊,紧
緋,绯
緍,𦈏
緐,繁
緑,绿
緒,绪
緓,绬
緔,绱
緗,缃
緘,缄
緙,缂
線,线
緜,绵
緝,缉
緞,缎
締,缔
緡,缗
緣,缘
緥,褓
緦,缌
編,编
緩,缓
緬,缅
緯,纬
緰,𦈕
緱,缑
緲,缈
練,练
緶,缏
緷,𦈉
緸,𦈑
緹,缇
緻,致
緼,缊
縈,萦
縉,缙
縊,缢
縋,缒
縎,𦈔
縐,绉
縑,缣
縕,缊
縗,缞
縛,缚
縝,缜
縞,缟
縟,缛
縣,县
縧,绦
縫,缝
縬,𦈚
縭,缡
縮,缩
縯,𬙂
縱,纵
縲,缧
縳,䌸
縴,纤
縵,缦
縶,絷
縷,缕
縹,缥
縺,𦈐
總,总
績,绩
繃,绷
繅,缫
繆,缪
繏,𦈝
繐,穗
繒,缯
繓,𦈛
織,织
繕,缮
繖,伞
繙,翻
繚,缭
繞,绕
繟,𦈎
繡,绣
繢,缋
繦,襁
繩,绳
繪,绘
繫,系
繭,茧
繮,缰
繯,缳
繰,缲
繳,缴
繶,𫄷
繸,䍁
繹,绎
繻,𦈡
繼,继
繽,缤
繾,缱
繿,䍀
纁,𫄸
纆,𬙊
纇,颣
纈,缬
纊,纩
續,续
纍,累
纏,缠
纓,缨
纔,才
纕,𬙋
纖,纤
纘,缵
纜,缆
缽,钵
罇,樽
罈,坛
罋,瓮
罌,罂
罎,坛
罰,罚
罵,骂
罷,罢
罸,罚
羅,罗
羆,罴
羈,羁
羋,芈
羗,羌
羢,绒
羣,群
羥,羟
羨,羡
義,义
羶,膻
翄,翅
習,习
翫,玩
翬,翚
翶,翱
翹,翘
翽,翙
耡,锄
耬,耧
耮,耢
聖,圣
聞,闻
聯,联
聰,聪
聲,声
聳,耸
聵,聩
聶,聂
職,职
聹,聍
聽,听
聾,聋
肅,肃
肎,肯
肐,胳
肧,胚
胷,胸
脃,脆
脅,胁
脇,胁
脈,脉
脗,吻
脛,胫
脣,唇
脥,𣍰
脫,脱
脹,胀
腁,胼
腎,肾
腖,胨
腡,脶
腦,脑
腪,𣍯
腫,肿
腳,脚
腸,肠
膃,腽
膓,肠
膕,腘
膚,肤
膞,䏝
膠,胶
膢,𦝼
膩,腻
膽,胆
膾,脍
膿,脓
臈,腊
臉,脸
臋,臀
臍,脐
臏,膑
臕,膘
臗,𣎑
臘,腊
臙,胭
臚,胪
臝,裸
臟,脏
臠,脔
臢,臜
臥,卧
臨,临
臯,皋
臺,台
與,与
興,兴
舉,举
舊,旧
舖,铺
舘,馆
舩,船
艙,舱
艢,樯
艣,橹
艤,舣
艦,舰
艪,橹
艫,舻
艱,艰
艷,艳
芲,花
芻,刍
苧,苎
茘,荔
茲,兹
荊,荆
荳,豆
莊,庄
莖,茎
莢,荚
莧,苋
華,华
菸,烟
萇,苌
萊,莱
萬,万
萲,萱
萴,荝
萵,莴
葉,叶
葒,荭
葠,参
葤,荮
葦,苇
葯,药
葷,荤
蒓,莼
蒔,莳
蒞,莅
蒼,苍
蓀,荪
蓆,席
蓋,盖
蓡,参
蓮,莲
蓯,苁
蓴,莼
蓽,荜
蔄,𬜬
蔔,卜
蔕,蒂
蔘,参
蔞,蒌
蔣,蒋
蔥,葱
蔦,茑
蔭,荫
蔿,𫇭
蕁,荨
蕆,蒇
蕎,荞
蕒,荬
蕓,芸
蕕,莸
蕘,荛
蕚,萼
蕢,蒉
蕩,荡
蕪,芜
蕭,萧
蕷,蓣
蕿,萱
薀,蕰
薈,荟
薊,蓟
薌,芗
薑,姜
薔,蔷
薘,荙
薟,莶
薦,荐
薩,萨
薴,苧
薺,荠
藍,蓝
藎,荩
藝,艺
藥,药
藪,薮
藭,䓖
藴,蕴
藶,苈
藷,薯
藹,蔼
藺,蔺
藼,萱
蘀,萚
蘄,蕲
蘆,芦
蘇,苏
蘊,蕴
蘋,𬞟
蘐,萱
蘓,苏
蘚,藓
蘞,蔹
蘢,茏
蘤,花
蘭,兰
蘺,蓠
蘿,萝
虆,蔂
虉,𬟁
處,处
虛,虚
虜,虏
號,号
虧,亏
虯,虬
蚘,蛔
蛕,蛔
蛺,蛱
蛻,蜕
蜆,蚬
蜋,螂
蜖,蛔
蜨,蝶
蝀,𬟽
蝕,蚀
蝟,猬
蝦,虾
蝨,虱
蝯,猿
蝱,虻
蝸,蜗
螄,蛳
螎,融
螞,蚂
螡,蚊
螢,萤
螮,䗖
螻,蝼
螿,螀
蟁,蚊
蟄,蛰
蟇,蟆
蟈,蝈
蟎,螨
蟣,虮
蟬,蝉
蟯,蛲
蟲,虫
蟶,蛏
蟻,蚁
蠁,蚃
蠅,蝇
蠆,虿
蠍,蝎
蠏,蟹
蠐,蛴
蠑,蝾
蠒,茧
蠔,蚝
蠟,蜡
蠣,蛎
蠨,蟏
蠭,蜂
蠱,蛊
蠶,蚕
蠻,蛮
衂,衄
衆,众
衇,脉
衊,蔑
術,术
衕,同
衚,胡
衛,卫
衝,冲
衞,卫
衺,邪
袞,衮
袟,帙
袵,衽
裊,袅
裌,袷
裏,里
補,补
裝,装
裠,裙
裡,里
製,制
複,复
褌,裈
褘,袆
褭,袅
褲,裤
褳,裢
褸,褛
褻,亵
襀,𫌀
襃,褒
襉,裥
襍,杂
襏,袯
襖,袄
襝,裣
襠,裆
襤,褴
襪,袜
襬,䙓
襯,衬
襲,袭
襴,襕
覇,霸
覈,核
覊,羁
見,见
覎,觃
規,规
覓,觅
覔,觅
視,视
覘,觇
覡,觋
覥,觍
覦,觎
覩,睹
親,亲
覬,觊
覯,觏
覲,觐
覷,觑
覺,觉
覼,𫌨
覽,览
覿,觌
觀,观
觝,抵
觴,觞
觶,觯
觸,触
訁,讠
訂,订
訃,讣
計,计
訊,讯
訌,讧
討,讨
訏,𬣙
訐,讦
訑,𫍙
訒,讱
訓,训
訕,讪
訖,讫
託,托
記,记
訛,讹
訝,讶
訟,讼
訢,䜣
訣,诀
訥,讷
訩,讻
訪,访
設,设
許,许
訴,诉
訶,诃
診,诊
註,注
証,证
詀,𧮪
詁,诂
詆,诋
詎,讵
詐,诈
詒,诒
詔,诏
評,评
詖,诐
詗,诇
詘,诎
詛,诅
詝,𬣞
詞,词
詠,咏
詡,诩
詢,询
詣,诣
試,试
詩,诗
詪,𬣳
詫,诧
詬,诟
詭,诡
詮,诠
詰,诘
話,话
該,该
詳,详
詵,诜
詶,酬
詷,𫍣
詼,诙
詿,诖
誄,诔
誅,诛
誆,诓
誇,夸
誌,志
認,认
誑,诳
誒,诶
誕,诞
誖,悖
誘,诱
誚,诮
語,语
誠,诚
誡,诫
誣,诬
誤,误
誥,诰
誦,诵
誨,诲
說,说
説,说
誰,谁
課,课
誶,谇
誹,诽
誼,谊
誾,訚
調,调
諂,谄
諄,谆
談,谈
諉,诿
請,请
諍,诤
諏,诹
諑,诼
諒,谅
諓,𬣡
論,论
諗,谂
諛,谀
諜,谍
諝,谞
諞,谝
諟,𬤊
諡,谥
諢,诨
諤,谔
諦,谛
諧,谐
諫,谏
諭,谕
諮,谘
諰,𫍰
諱,讳
諲,𬤇
諳,谙
諴,𫍯
諶,谌
諷,讽
諸,诸
諺,谚
諼,谖
諾,诺
謀,谋
謁,谒
謂,谓
謄,誊
謅,诌
謊,谎
謌,歌
謎,谜
謏,𫍲
謐,谧
謔,谑
謖,谡
謗,谤
謙,谦
謚,谥
講,讲
謝,谢
謠,谣
謡,谣
謨,谟
謫,谪
謬,谬
謭,谫
謳,讴
謹,谨
謾,谩
譁,哗
譆,嘻
證,证
譊,𫍢
譌,讹
譎,谲
譏,讥
譓,𬤝
譔,撰
譖,谮
識,识
譙,谯
譚,谭
譜,谱
譞,𫍽
譟,噪
譫,谵
譭,毁
譯,译
議,议
譴,谴
護,护
譸,诪
譽,誉
譾,谫
讀,读
讁,谪
變,变
讋,詟
讌,䜩
讎,仇
讐,雠
讒,谗
讓,让
讕,谰
讖,谶
讚,赞
讜,谠
讞,谳
豈,岂
豎,竖
豐,丰
豓,艳
豔,艳
豬,猪
豶,豮
貍,狸
貓,猫
貙,䝙
貛,獾
貝,贝
貞,贞
貟,贠
負,负
財,财
貢,贡
貧,贫
貨,货
販,贩
貪,贪
貫,贯
責,责
貯,贮
貰,贳
貲,赀
貳,贰
貴,贵
貶,贬
買,买
貸,贷
貺,贶
費,费
貼,贴
貽,贻
貿,贸
賀,贺
賁,贲
賂,赂
賃,赁
賄,贿
賅,赅
資,资
賈,贾
賉,恤
賊,贼
賑,赈
賒,赊
賓,宾
賕,赇
賙,赒
賚,赉
賛,赞
賜,赐
賞,赏
賟,𧹖
賠,赔
賡,赓
賢,贤
賣,卖
賤,贱
賦,赋
賧,赕
質,质
賫,赍
賬,账
賭,赌
賰,䞐
賴,赖
賵,赗
賷,赍
賺,赚
賻,赙
購,购
賽,赛
賾,赜
贃,𧹗
贄,贽
贅,赘
贇,赟
贈,赠
贊,赞
贋,赝
贍,赡
贏,赢
贐,赆
贑,赣
贓,赃
贔,赑
贖,赎
贗,赝
贛,赣
贜,赃
赬,赪
趂,趁
趕,赶
趙,赵
趨,趋
趲,趱
跡,迹
跥,跺
踁,胫
踐,践
踫,碰
踰,逾
踴,踊
蹌,跄
蹏,蹄
蹔,暂
蹕,跸
蹟,迹
蹠,跖
蹣,蹒
蹤,踪
蹧,糟
蹵,蹴
蹺,跷
蹻,𫏋
躂,跶
躉,趸
躊,踌
躋,跻
躍,跃
躎,䟢
躑,踯
躒,跞
躓,踬
躕,蹰
躘,𨀁
躚,跹
躝,𨅬
躡,蹑
躥,蹿
躦,躜
躪,躏
躭,耽
躳,躬
躶,裸
軀,躯
軉,𨉗
車,车
軋,轧
軌,轨
軍,军
軏,𫐄
軑,轪
軒,轩
軔,轫
軗,𨐅
軛,轭
軝,𬨂
軟,软
軤,轷
軨,𫐉
軫,轸
軲,轱
軸,轴
軹,轵
軺,轺
軻,轲
軼,轶
軾,轼
較,较
輄,𨐈
輅,辂
輇,辁
輈,辀
載,载
輊,轾
輋,𪨶
輒,辄
輓,挽
輔,辅
輕,轻
輗,𫐐
輙,辄
輛,辆
輜,辎
輝,辉
輞,辋
輟,辍
輥,辊
輦,辇
輩,辈
輪,轮
輬,辌
輭,软
輮,𫐓
輯,辑
輳,辏
輶,𬨎
輸,输
輻,辐
輼,辒
輾,辗
輿,舆
轀,辒
轂,毂
轄,辖
轅,辕
轆,辘
轉,转
轍,辙
轎,轿
轔,辚
轟,轰
轡,辔
轢,轹
轣,𫐆
轤,轳
辠,罪
辢,辣
辤,辞
辦,办
辭,辞
辮,辫
辯,辩
農,农
辳,农
迴,回
迻,移
逈,迥
逕,迳
這,这
連,连
逥,回
逩,奔
逬,迸
週,周
進,进
遉,侦
遊,游
運,运
過,过
達,达
違,违
遙,遥
遜,逊
遞,递
遠,远
遡,溯
適,适
遯,遁
遲,迟
遷,迁
選,选
遺,遗
遼,辽
邁,迈
還,还
邇,迩
邊,边
邏,逻
邐,逦
郟,郏
郵,邮
鄆,郓
鄉,乡
鄒,邹
鄔,邬
鄖,郧
鄧,邓
鄩,𬩽
鄭,郑
鄰,邻
鄲,郸
鄳,𫑡
鄴,邺
鄶,郐
鄺,邝
酇,酂
酈,郦
酖,鸩
酧,酬
醃,腌
醆,盏
醕,醇
醜,丑
醞,酝
醣,糖
醫,医
醬,酱
醯,酰
醱,酦
醲,𬪩
醻,酬
醼,宴
釀,酿
釁,衅
釃,酾
釅,酽
釋,释
釒,钅
釓,钆
釔,钇
釕,钌
釗,钊
釘,钉
釙,钋
針,针
釣,钓
釤,钐
釦,扣
釧,钏
釩,钒
釬,焊
釳,𨰿
釴,𬬩
釵,钗
釷,钍
釹,钕
釺,钎
釾,䥺
釿,𬬱
鈀,钯
鈁,钫
鈃,钘
鈄,钭
鈅,钥
鈇,𫓧
鈈,钚
鈉,钠
鈋,𨱂
鈍,钝
鈎,钩
鈐,钤
鈑,钣
鈒,钑
鈔,钞
鈕,钮
鈞,钧
鈠,𨱁
鈣,钙
鈥,钬
鈦,钛
鈧,钪
鈮,铌
鈯,𨱄
鈰,铈
鈲,𨱃
鈳,钶
鈴,铃
鈷,钴
鈸,钹
鈹,铍
鈺,钰
鈽,钸
鈾,铀
鈿,钿
鉀,钾
鉁,𨱅
鉄,铁
鉅,钜
鉆,钻
鉈,铊
鉉,铉
鉊,𬬿
鉋,铇
鉍,铋
鉑,铂
鉕,钷
鉗,钳
鉚,铆
鉛,铅
鉝,𫟷
鉞,钺
鉢,钵
鉤,钩
鉥,𬬸
鉦,钲
鉧,𬭁
鉬,钼
鉭,钽
鉮,𬬹
鉶,铏
鉷,𫟹
鉸,铰
鉺,铒
鉻,铬
鉿,铪
銀,银
銃,铳
銅,铜
銈,𫓯
銍,铚
銑,铣
銓,铨
銖,铢
銘,铭
銚,铫
銛,铦
銜,衔
銠,铑
銣,铷
銥,铱
銦,铟
銨,铵
銩,铥
銪,铕
銫,铯
銬,铐
銱,铞
銲,焊
銳,锐
銶,𨱇
銷,销
銹,锈
銻,锑
銼,锉
鋁,铝
鋃,锒
鋅,锌
鋇,钡
鋉,𨱈
鋌,铤
鋏,铗
鋐,𬭎
鋒,锋
鋗,𫓶
鋙,铻
鋝,锊
鋟,锓
鋣,铘
鋤,锄
鋥,锃
鋦,锔
鋨,锇
鋩,铓
鋪,铺
鋭,锐
鋮,铖
鋯,锆
鋰,锂
鋱,铽
鋶,锍
鋸,锯
鋹,𬬮
鋼,钢
錀,𬬭
錁,锞
錂,𨱋
錄,录
錆,锖
錇,锫
錈,锩
錏,铔
錐,锥
錒,锕
錕,锟
錘,锤
錙,锱
錚,铮
錛,锛
錞,𬭚
錟,锬
錠,锭
錡,锜
錢,钱
錤,𫓹
錦,锦
錨,锚
錩,锠
錫,锡
錮,锢
錯,错
録,录
錳,锰
錶,表
錸,铼
鍀,锝
鍁,锨
鍃,锪
鍄,𨱉
鍆,钔
鍇,锴
鍈,锳
鍊,炼
鍋,锅
鍍,镀
鍔,锷
鍘,铡
鍚,钖
鍛,锻
鍠,锽
鍤,锸
鍥,锲
鍩,锘
鍫,锹
鍬,锹
鍭,𬭤
鍮,𨱎
鍰,锾
鍳,鉴
鍵,键
鍶,锶
鍺,锗
鍾,锺
鎂,镁
鎄,锿
鎇,镅
鎊,镑
鎌,镰
鎓,𬭩
鎔,镕
鎖,锁
鎗,枪
鎘,镉
鎚,锤
鎛,镈
鎝,𨱏
鎡,镃
鎢,钨
鎣,蓥
鎦,镏
鎧,铠
鎩,铩
鎪,锼
鎬,镐
鎭,镇
鎮,镇
鎯,𨱍
鎰,镒
鎲,镋
鎳,镍
鎵,镓
鎶,鿔
鎷,𨰾
鎸,镌
鎻,锁
鎿,镎
鏃,镞
鏆,𨱌
鏇,镟
鏈,链
鏉,𨱒
鏌,镆
鏍,镙
鏏,𬭬
鏐,镠
鏑,镝
鏗,铿
鏘,锵
鏚,戚
鏜,镗
鏝,镘
鏞,镛
鏟,铲
鏡,镜
鏢,镖
鏤,镂
鏦,𫓩
鏨,錾
鏰,镚
鏵,铧
鏷,镤
鏹,镪
鏺,䥽
鏻,𬭸
鏽,锈
鐃,铙
鐄,𨱑
鐇,𫔍
鐋,铴
鐍,𫔎
鐎,𨱓
鐏,𨱔
鐐,镣
鐒,铹
鐓,镦
鐔,镡
鐘,钟
鐙,镫
鐝,镢
鐠,镨
鐥,䦅
鐦,锎
鐧,锏
鐨,镄
鐩,𬭼
鐫,镌
鐮,镰
鐯,䦃
鐲,镯
鐳,镭
鐵,铁
鐶,镮
鐸,铎
鐺,铛
鐽,𫟼
鐿,镱
鑄,铸
鑊,镬
鑌,镔
鑑,鉴
鑒,鉴
鑔,镲
鑕,锧
鑚,钻
鑛,矿
鑞,镴
鑠,铄
鑣,镳
鑤,刨
鑥,镥
鑪,𬬻
鑭,镧
鑰,钥
鑱,镵
鑲,镶
鑵,罐
鑷,镊
鑹,镩
鑼,锣
鑽,钻
鑾,銮
鑿,凿
钁,镢
钂,镋
長,长
門,门
閂,闩
閃,闪
閆,闫
閈,闬
閉,闭
開,开
閌,闶
閍,𨸂
閎,闳
閏,闰
閐,𨸃
閑,闲
閒,闲
間,间
閔,闵
閘,闸
閙,闹
閡,阂
閣,阁
閤,阁
閥,阀
閧,哄
閨,闺
閩,闽
閫,阃
閬,阆
閭,闾
閱,阅
閲,阅
閶,阊
閹,阉
閻,阎
閼,阏
閽,阍
閾,阈
閿,阌
闃,阒
闆,板
闇,暗
闈,闱
闉,𬮱
闊,阔
闋,阕
闌,阑
闍,阇
闐,阗
闑,𫔶
闒,阘
闓,闿
闔,阖
闕,阙
闖,闯
闚,窥
關,关
闞,阚
闠,阓
闡,阐
闢,辟
闤,阛
闥,闼
阨,厄
阬,坑
陗,峭
陘,陉
陜,陕
陝,陕
陣,阵
陰,阴
陳,陈
陸,陆
陻,堙
陽,阳
陿,狭
隂,阴
隄,堤
隉,陧
隊,队
階,阶
隑,𬮿
隕,陨
隖,坞
際,际
隣,邻
隤,𬯎
隨,随
險,险
隮,𬯀
隱,隐
隴,陇
隷,隶
隸,隶
隻,只
雋,隽
雖,虽
雙,双
雛,雏
雜,杂
雞,鸡
離,离
難,难
雲,云
電,电
霢,霡
霧,雾
霽,霁
靂,雳
靄,霭
靆,叇
靈,灵
靉,叆
靚,靓
靜,静
靦,腼
靨,靥
靭,韧
靱,韧
鞀,鼗
鞏,巩
鞝,绱
鞦,秋
鞵,鞋
鞽,鞒
鞾,靴
韁,缰
韃,鞑
韆,千
韈,袜
韉,鞯
韋,韦
韌,韧
韍,韨
韓,韩
韙,韪
韜,韬
韞,韫
韤,袜
韮,韭
韻,韵
響,响
頁,页
頂,顶
頃,顷
項,项
順,顺
頇,顸
須,须
頊,顼
頌,颂
頍,𫠆
頎,颀
頏,颃
預,预
頑,顽
頒,颁
頓,顿
頔,𬱖
頗,颇
領,领
頜,颌
頟,额
頠,𬱟
頡,颉
頤,颐
頦,颏
頫,𫖯
頭,头
頮,颒
頰,颊
頲,颋
頴,颕
頵,𫖳
頷,颔
頸,颈
頹,颓
頻,频
頼,赖
頽,颓
顃,𩖖
顆,颗
顇,悴
顋,腮
題,题
額,额
顎,颚
顏,颜
顒,颙
顓,颛
顔,颜
顗,𫖮
願,愿
顙,颡
顛,颠
類,类
顢,颟
顥,颢
顦,憔
顧,顾
顫,颤
顬,颥
顯,显
顰,颦
顱,颅
顳,颞
顴,颧
風,风
颭,飐
颮,飑
颯,飒
颰,𩙥
颱,台
颳,刮
颶,飓
颷,𩙪
颸,飔
颺,飏
颻,飖
颼,飕
颾,𩙫
飀,飗
飃,飘
飄,飘
飆,飙
飈,飚
飛,飞
飜,翻
飠,饣
飢,饥
飣,饤
飤,饲
飥,饦
飩,饨
飪,饪
飫,饫
飭,饬
飯,饭
飱,飧
飲,饮
飴,饴
飼,饲
飽,饱
飾,饰
飿,饳
餁,饪
餃,饺
餄,饸
餅,饼
餈,糍
餉,饷
養,养
餌,饵
餎,饹
餏,饻
餑,饽
餒,馁
餓,饿
餔,𫗦
餕,馂
餖,饾
餗,𫗧
餘,馀
餚,肴
餛,馄
餜,馃
餞,饯
餡,馅
餦,𫗠
館,馆
餭,𫗮
餱,糇
餳,饧
餵,喂
餶,馉
餷,馇
餸,𩠌
餹,糖
餺,馎
餻,糕
餼,饩
餽,馈
餾,馏
餿,馊
饁,馌
饃,馍
饅,馒
饈,馐
饉,馑
饊,馓
饋,馈
饌,馔
饍,膳
饑,饥
饒,饶
饗,飨
饘,𫗴
饜,餍
饝,馍
饞,馋
饢,馕
馬,马
馭,驭
馮,冯
馱,驮
馳,驰
馴,驯
馹,驲
馼,𫘜
駁,驳
駃,𫘝
駈,驱
駉,𬳶
駎,𩧨
駐,驻
駑,驽
駒,驹
駓,𬳵
駔,驵
駕,驾
駘,骀
駙,驸
駚,𩧫
駛,驶
駝,驼
駟,驷
駡,骂
駢,骈
駧,𩧲
駩,𩧴
駪,𬳽
駭,骇
駰,骃
駱,骆
駶,𩧺
駸,骎
駻,𫘣
駼,𬳿
駿,骏
騁,骋
騂,骍
騃,𫘤
騄,𫘧
騅,骓
騊,𫘦
騌,骔
騍,骒
騎,骑
騏,骐
騐,验
騑,𬴂
騔,𩨀
騖,骛
騙,骗
騚,𩨊
騝,𩨃
騞,𬴃
騟,𩨈
騠,𫘨
騣,鬃
騤,骙
騧,䯄
騪,𩨄
騫,骞
騭,骘
騮,骝
騰,腾
騱,𫘬
騵,𫘪
騶,驺
騷,骚
騸,骟
騾,骡
驀,蓦
驁,骜
驂,骖
驃,骠
驄,骢
驅,驱
驊,骅
驋,𩧯
驌,骕
驍,骁
驎,𬴊
驏,骣
驕,骄
驗,验
驘,骡
驚,惊
驛,驿
驟,骤
驢,驴
驤,骧
驥,骥
驦,骦
驪,骊
驫,骉
骯,肮
骽,腿
骾,鲠
髈,膀
髏,髅
髒,脏
體,体
髕,髌
髖,髋
髥,髯
髮,发
鬀,剃
鬆,松
鬉,鬃
鬍,胡
鬚,须
鬢,鬓
鬥,斗
鬦,斗
鬧,闹
鬨,哄
鬩,阋
鬪,斗
鬮,阄
鬰,郁
鬱,郁
鬹,鬶
魎,魉
魘,魇
魚,鱼
魛,鱽
魟,𫚉
魢,鱾
魥,𩽹
魨,鲀
魯,鲁
魴,鲂
魷,鱿
魺,鲄
鮀,𬶍
鮁,鲅
鮃,鲆
鮄,𫚒
鮆,𫚖
鮈,𬶋
鮊,鲌
鮋,鲉
鮍,鲏
鮎,鲇
鮐,鲐
鮑,鲍
鮒,鲋
鮓,鲊
鮚,鲒
鮜,鲘
鮝,鲞
鮞,鲕
鮟,𩽾
鮠,𬶏
鮡,𬶐
鮣,䲟
鮦,鲖
鮪,鲔
鮫,鲛
鮭,鲑
鮮,鲜
鮰,𫚔
鮳,鲓
鮶,鲪
鮸,𩾃
鮺,鲝
鯀,鲧
鯁,鲠
鯄,𩾁
鯆,𫚙
鯇,鲩
鯉,鲤
鯊,鲨
鯒,鲬
鯔,鲻
鯕,鲯
鯖,鲭
鯗,鲞
鯛,鲷
鯝,鲴
鯡,鲱
鯢,鲵
鯤,鲲
鯧,鲳
鯨,鲸
鯪,鲮
鯫,鲰
鯰,鲶
鯱,𩾇
鯴,鲺
鯶,𩽼
鯷,鳀
鯻,𬶟
鯽,鲫
鯿,鳊
鰁,鳈
鰂,鲗
鰃,鳂
鰆,䲠
鰈,鲽
鰉,鳇
鰊,𬶠
鰌,䲡
鰍,鳅
鰏,鲾
鰐,鳄
鰒,鳆
鰓,鳃
鰛,鳁
鰜,鳒
鰟,鳑
鰠,鳋
鰣,鲥
鰤,𫚕
鰥,鳏
鰧,䲢
鰨,鳎
鰩,鳐
鰭,鳍
鰮,鳁
鰱,鲢
鰲,鳌
鰳,鳓
鰵,鳘
鰶,𬶭
鰷,鲦
鰹,鲣
鰺,鲹
鰻,鳗
鰼,鳛
鰾,鳔
鱀,𬶨
鱂,鳉
鱅,鳙
鱇,𩾌
鱈,鳕
鱉,鳖
鱒,鳟
鱔,鳝
鱖,鳜
鱗,鳞
鱘,鲟
鱚,𬶮
鱝,鲼
鱟,鲎
鱠,鲙
鱣,鳣
鱤,鳡
鱧,鳢
鱨,鲿
鱭,鲚
鱮,𫚈
鱯,鳠
鱷,鳄
鱸,鲈
鱺,鲡
鳥,鸟
鳧,凫
鳩,鸠
鳬,凫
鳲,鸤
鳳,凤
鳴,鸣
鳶,鸢
鳷,𫛛
鳼,𪉃
鳾,䴓
鴃,𫛞
鴆,鸩
鴇,鸨
鴈,雁
鴉,鸦
鴒,鸰
鴕,鸵
鴗,𫁡
鴛,鸳
鴜,𪉈
鴝,鸲
鴞,鸮
鴟,鸱
鴣,鸪
鴦,鸯
鴨,鸭
鴯,鸸
鴰,鸹
鴲,𪉆
鴴,鸻
鴷,䴕
鴻,鸿
鴿,鸽
鵁,䴔
鵂,鸺
鵃,鸼
鵏,𬷕
鵐,鹀
鵑,鹃
鵒,鹆
鵓,鹁
鵚,𪉍
鵜,鹈
鵝,鹅
鵞,鹅
鵟,𫛭
鵠,鹄
鵡,鹉
鵪,鹌
鵬,鹏
鵮,鹐
鵯,鹎
鵰,雕
鵲,鹊
鵶,鸦
鵷,鹓
鵾,鹍
鶄,䴖
鶇,鸫
鶉,鹑
鶊,鹒
鶒,𫛶
鶓,鹋
鶖,鹙
鶗,𫛸
鶘,鹕
鶚,鹗
鶠,𬸘
鶡,鹖
鶥,鹛
鶩,鹜
鶪,䴗
鶬,鸧
鶯,莺
鶱,𬸣
鶲,鹟
鶴,鹤
鶹,鹠
鶺,鹡
鶻,鹘
鶼,鹣
鶿,鹚
鷀,鹚
鷁,鹢
鷂,鹞
鷄,鸡
鷈,䴘
鷊,鹝
鷓,鹧
鷔,𪉑
鷖,鹥
鷗,鸥
鷙,鸷
鷚,鹨
鷟,𬸦
鷥,鸶
鷦,鹪
鷨,𪉊
鷫,鹔
鷭,𬸪
鷯,鹩
鷰,燕
鷲,鹫
鷳,鹇
鷴,鹇
鷸,鹬
鷹,鹰
鷺,鹭
鷽,鸴
鷿,䴙
鸂,㶉
鸇,鹯
鸋,𫛢
鸌,鹱
鸎,莺
鸏,鹲
鸑,𬸚
鸕,鸬
鸘,鹴
鸚,鹦
鸛,鹳
鸝,鹂
鸞,鸾
鹵,卤
鹹,咸
鹺,鹾
鹻,碱
鹼,碱
鹽,盐
麗,丽
麥,麦
麨,𪎊
麩,麸
麪,面
麫,面
麯,曲
麲,𪎉
麳,𪎌
麴,麹
麵,面
麼,么
麽,么
黃,黄
黌,黉
點,点
黨,党
黲,黪
黴,霉
黶,黡
黷,黩
黽,黾
黿,鼋
鼃,蛙
鼇,鳌
鼈,鳖
鼉,鼍
鼕,咚
鼴,鼹
齊,齐
齋,斋
齎,赍
齏,齑
齒,齿
齔,龀
齕,龁
齗,龂
齘,𬹼
齙,龅
齜,龇
齟,龃
齠,龆
齡,龄
齣,出
齦,龈
齧,啮
齩,咬
齪,龊
齬,龉
齮,𬺈
齯,𫠜
齲,龋
齶,腭
齷,龌
齼,𬺓
龍,龙
龎,厐
龐,庞
龑,䶮
龔,龚
龕,龛
龜,龟
龭,𩨎
龯,𨱆
鿁,䜤
鿐,䲤
鿓,鿒
𠌥,𠆿
𠏢,𠉗
𠕂,再
𠕅,再
𠞆,𠛆
𠞰,剿
𠠎,𠚳
𡄔,𠴢
𡄣,𠵸
𡅏,𠲥
𡑍,𫭼
𡑭,𡋗
𡓾,𡋀
𡚁,弊
𡞵,㛟
𡠹,㛿
𡢃,㛠
𡨥,寇
𡮉,𡭜
𡮣,𡭬
𡻕,岁
𡾱,㟜
𢣚,𢘝
𢣭,𢘞
𢶫,𢫞
𢷮,𢫊
𢹿,𢬦
𣙎,㭣
𣙜,榷
𣝕,𣘷
𣞻,𣘓
𣠲,𣑶
𣯴,𣭤
𣾷,㳢
𣿉,𣶫
𤁣,𣺽
𤋮,熙
𤒎,𤊀
𤨏,琐
𤪺,㻘
𤫩,㻏
𤱈,亩
𤳸,𤳄
𤸫,𤶧
𤺥,瘩
𥌃,𥅘
𥕥,𥐰
𥖅,𥐯
𥗽,𬒗
𥢢,䅪
𥨐,𥧂
𥵃,𥱔
𥵊,𥭉
𥸠,𥮋
𥼽,𥹥
𥽖,𥺇
𥿊,𦈈
𦂅,𦈒
𦃄,𦈗
𦊱,挂
𦍑,羌
𦕈,眇
𦢈,𣍨
𦣎,𦟗
𦪽,𦨩
𦵏,葬
𧔥,𧒭
𧜗,䘞
𧜵,䙊
𧝞,䘛
𧩙,䜥
𧳟,𧳕
𧵳,䞌
𧶔,𧹓
𧶧,䞎
𨄣,𨀱
𨅍,𨁴
𨇁,𧿈
𨇞,𨅫
𨈊,𨂺
𨈌,𨄄
𨊰,䢀
𨊸,䢁
𨊻,𨐆
𨋢,䢂
𨎮,𨐉
𨏠,𨐇
𨏥,𨐊
𨤻,𨤰
𨥛,𨱀
𨦫,䦀
𨧀,𬭊
𨧜,䦁
𨧱,𨱊
𨨏,𬭛
𨫒,𨱐
𨭆,𬭶
𨭎,𬭳
𨮂,𨱕
𨯅,䥿
𨳑,𨸁
𨳕,𨸀
𨴗,𨸅
𨵩,𨸆
𨵸,𨸇
𨶀,𨸉
𨶏,𨸊
𨶮,𨸌
𨶲,𨸋
𨷲,𨸎
𨽏,𨸘
𨽻,隶
𩎢,𩏾
𩏪,𩏽
𩓐,脖
𩓣,𩖕
𩗀,𩙦
𩗗,飓
𩗡,𩙧
𩘀,𩙩
𩘝,𩙭
𩘹,𩙨
𩘺,𩙬
𩙈,𩙰
𩚛,𩟿
𩚥,𩠀
𩚵,𩠁
𩛆,𩠂
𩛩,𩠃
𩜇,𩠉
𩜦,𩠆
𩜵,𩠊
𩝔,𩠋
𩞄,𩠎
𩞦,𩠏
𩞯,䭪
𩟐,𩠅
𩠴,𩠠
𩡺,𩧦
𩢡,𩧬
𩢴,𩧵
𩢸,𩧳
𩢾,𩧮
𩣏,𩧶
𩣑,䯃
𩣵,𩧻
𩣺,𩧼
𩤊,𩧩
𩤙,𩨆
𩤲,𩨉
𩤸,𩨅
𩥄,𩨋
𩥇,𩨍
𩥉,𩧱
𩥑,𩨌
𩧆,𩨐
𩭙,𩬣
𩯳,𩯒
𩰀,𩬤
𩳤,𩲒
𩵩,𩽺
𩵹,𩽻
𩶘,䲞
𩶰,𩽿
𩶱,𩽽
𩷰,𩾄
𩸃,𩾅
𩸦,𩾆
𩽇,𩾎
𩿪,𪉄
𪀦,𪉅
𪀾,𪉋
𪁈,𪉉
𪁖,𪉌
𪂆,𪉎
𪃍,𪉐
𪃏,𪉏
𪄆,𪉔
𪄕,𪉒
𪇳,𪉕
𪈼,𪉓
𪋿,𪎍
𪔵,𪔭
𪘀,𪚏
𪘯,𪚐
『,‘
』,’
「,“
｢,“
」,”
｣,”
。陞,。升
《易乾,《易乾
一釐,一厘
上昇,上升
不穀,不穀
專著,专著
乾一坛,乾一坛
乾一壇,乾一坛
乾一組,乾一组
乾一组,乾一组
乾上乾下,乾上乾下
乾东,乾东
乾東,乾东
乾为天,乾为天
乾為天,乾为天
乾为阳,乾为阳
乾為陽,乾为阳
乾九,乾九
乾乾,乾乾
乾亨,乾亨
乾仪,乾仪
乾儀,乾仪
乾位,乾位
乾健,乾健
乾健也,乾健也
乾元,乾元
乾光,乾光
乾兴,乾兴
乾興,乾兴
乾冈,乾冈
乾岡,乾冈
乾刘,乾刘
乾劉,乾刘
乾刚,乾刚
乾剛,乾刚
乾务,乾务
乾務,乾务
乾化,乾化
乾卦,乾卦
乾县,乾县
乾縣,乾县
乾台,乾台
乾吉,乾吉
乾启,乾启
乾啟,乾启
乾命,乾命
乾和,乾和
乾嘉,乾嘉
乾图,乾图
乾圖,乾图
乾坤,乾坤
乾城,乾城
乾基,乾基
乾天也,乾天也
乾始,乾始
乾姓,乾姓
乾宁,乾宁
乾寧,乾宁
乾宅,乾宅
乾宇,乾宇
乾安,乾安
乾定,乾定
乾封,乾封
乾居,乾居
乾岗,乾岗
乾崗,乾岗
乾巛,乾巛
乾州,乾州
乾录,乾录
乾錄,乾录
乾律,乾律
乾德,乾德
乾心,乾心
乾忠,乾忠
乾文,乾文
乾断,乾断
乾斷,乾断
乾方,乾方
乾施,乾施
乾旦,乾旦
乾明,乾明
乾昧,乾昧
乾晖,乾晖
乾暉,乾晖
乾景,乾景
乾晷,乾晷
乾曜,乾曜
乾构,乾构
乾構,乾构
乾枢,乾枢
乾樞,乾枢
乾栋,乾栋
乾棟,乾栋
乾步,乾步
乾氏,乾氏
乾沓和,乾沓和
乾沓婆,乾沓婆
乾泉,乾泉
乾淳,乾淳
乾清,乾清
乾渥,乾渥
乾潭,乾潭
乾灵,乾灵
乾靈,乾灵
乾生元,乾生元
乾男,乾男
乾皋,乾皋
乾盛世,乾盛世
乾矢,乾矢
乾祐,乾祐
乾神,乾神
乾穹,乾穹
乾窦,乾窦
乾竇,乾窦
乾竺,乾竺
乾笃,乾笃
乾篤,乾笃
乾符,乾符
乾策,乾策
乾精,乾精
乾紅,乾红
乾红,乾红
乾綱,乾纲
乾纲,乾纲
乾紐,乾纽
乾纽,乾纽
乾絡,乾络
乾络,乾络
乾統,乾统
乾统,乾统
乾維,乾维
乾维,乾维
乾罗,乾罗
乾羅,乾罗
乾花,乾花
乾荫,乾荫
乾蔭,乾荫
乾行,乾行
乾衡,乾衡
乾西,乾西
乾覆,乾覆
乾象,乾象
乾象历,乾象历
乾象歷,乾象历
乾貞,乾贞
乾贞,乾贞
乾貴士,乾贵士
乾贵士,乾贵士
乾貺,乾贶
乾贶,乾贶
乾車,乾车
乾车,乾车
乾軸,乾轴
乾轴,乾轴
乾通,乾通
乾造,乾造
乾道,乾道
乾鉴,乾鉴
乾鑒,乾鉴
乾鈞,乾钧
乾钧,乾钧
乾闥,乾闼
乾闼,乾闼
乾陀,乾陀
乾陵,乾陵
乾隆,乾隆
乾音,乾音
乾顺,乾顺
乾顧,乾顾
乾顾,乾顾
乾風,乾风
乾风,乾风
乾首,乾首
乾馬,乾马
乾马,乾马
乾鵠,乾鹄
乾鹄,乾鹄
乾鵲,乾鹊
乾鹊,乾鹊
乾龍,乾龙
乾龙,乾龙
乾，健也,乾，健也
乾，天也,乾，天也
五箇山,五箇山
仇讎,仇雠
以微知著,以微知著
仰屋著書,仰屋著书
彷彿,仿佛
伊東豊雄,伊东丰雄
夥計,伙计
何光暐,何光暐
佛頭著糞,佛头著粪
偵蒐,侦搜
倖一郎,倖一郎
倖田,倖田
候覆,候复
藉助,借助
藉口,借口
藉手,借手
藉故,借故
藉機,借机
藉此,借此
藉由,借由
藉端,借端
藉詞,借词
傒倖,傒倖
先名後姓,先名后姓
兒宽,兒宽
兒寬,兒宽
六么,六幺
蘭質薰心,兰质薰心
內聯陞,内联升
憑藉,凭借
初昇,初升
利欲薰心,利欲薰心
剋了,剋了
剋架,剋架
剖釐,剖厘
陞為,升为
陞了,升了
昇仙,升仙
陞任,升任
昇華,升华
昇天,升天
陞官,升官
昇平,升平
昇汞,升汞
陞用,升用
陞補,升补
陞遷,升迁
昇降,升降
卓著,卓著
博和託,博和讬
歷陞,历升
釐改,厘改
釐整,厘整
釐正,厘正
釐毫,厘毫
釐清,厘清
釐米,厘米
釐訂,厘订
釐革,厘革
原著,原著
又陞,又升
反反覆覆,反反复复
反覆,反复
可穿著,可穿著
吃衣著飯,吃衣著饭
合著,合著
同陞和,同升和
名著,名著
吳克羣,吴克羣
吴克羣,吴克羣
周易乾,周易乾
諠譁,喧哗
回覆,回复
土著,土著
坤乾,坤乾
墨瀋,墨渖
覆審,复审
覆查,复查
覆核,复核
覆檢,复检
復甦,复苏
大麴,大曲
天道为乾,天道为乾
天道為乾,天道为乾
奧區,奧区
如瀋,如渖
姓么,姓幺
子餘,子馀
字乾生,字乾生
孙乾,孙乾
孫乾,孙乾
宏碁,宏碁
官陞,官升
將軍抽俥,将军抽俥
將軍抽車,将军抽車
爾冬陞,尔冬升
尼乾陀,尼乾陀
侷促,局促
跼促,局促
侷限,局限
跼限,局限
山崎闇斋,山崎闇斋
山崎闇齋,山崎闇斋
岳託,岳讬
峯會,峰会
巔峯,巅峰
巨著,巨著
乾乾淨淨,干干净净
乾乾脆脆,干干脆脆
乾泉水,干泉水
年陞,年升
么九,幺九
么二三,幺二三
么兒,幺儿
么元,幺元
么鳳,幺凤
么半,幺半
么叔,幺叔
么喝,幺喝
么女,幺女
么媽,幺妈
么妹,幺妹
么姓,幺姓
么姨,幺姨
么娘,幺娘
么孃,幺娘
么子,幺子
么小,幺小
么弟,幺弟
么正,幺正
么氏,幺氏
么爺,幺爷
么爸,幺爸
么爹,幺爹
么篇,幺篇
么舅,幺舅
么蛾子,幺蛾子
么雞,幺鸡
么麼,幺麽
幺麽,幺麽
慶餘,庆馀
康乾,康乾
张法乾,张法乾
張法乾,张法乾
彰明較著,彰明较著
待覆,待复
後姓,後姓
慫慂,怂恿
恩威並著,恩威并著
噁心,恶心
情蒐,情搜
情鍾,情钟
惏悷,惏悷
惏慄,惏慄
慘澹,惨淡
成效顯著,成效显著
成績顯著,成绩显著
所鍾,所钟
手鍊,手链
扞格,扞格
執著,执著
批覆,批复
承乾,承乾
拉鍊,拉链
拙著,拙著
拚却,拚却
拚卻,拚却
拚弃,拚弃
拚棄,拚弃
拚生尽死,拚生尽死
拚生盡死,拚生尽死
拾瀋,拾渖
挨剋,挨剋
提昇,提升
蒐錄,搜录
蒐索,搜索
蒐羅,搜罗
蒐藏,搜藏
蒐證,搜证
蒐購,搜购
蒐輯,搜辑
蒐採,搜采
蒐采,搜采
蒐集,搜集
搥打,搥打
搥胸頓足,搥胸顿足
撰著,撰著
效果顯著,效果显著
文徵明,文徵明
觔斗,斤斗
新著,新著
於世成,於世成
於之瑩,於之莹
於之莹,於之莹
於乎,於乎
於乙于同,於乙于同
於乙宇同,於乙宇同
於于同,於于同
於哲,於哲
於夫罗,於夫罗
於夫羅,於夫罗
於姓,於姓
於宇同,於宇同
於崇文,於崇文
於志賀,於志贺
於志贺,於志贺
於戏,於戏
於戲,於戏
於梨华,於梨华
於梨華,於梨华
於氏,於氏
於潜,於潜
於潛縣,於潜县
於潜县,於潜县
於祥玉,於祥玉
於菟,於菟
於賢德,於贤德
於除鞬,於除鞬
施讎,施雠
旋乾轉坤,旋乾转坤
旋乾转坤,旋乾转坤
無言不讎,无言不雠
曠若發矇,旷若发矇
易·乾,易·乾
易經·乾,易经·乾
易经·乾,易经·乾
易經乾,易经乾
易经乾,易经乾
昭著,昭著
顯著,显著
顯著地,显著地
顯著地位,显著地位
顯著性,显著性
顯著成績,显著成绩
顯著效果,显著效果
顯著特點,显著特点
晉陞,晋升
暗闇,暗闇
麴黴,曲霉
曾运乾,曾运乾
曾運乾,曾运乾
月陞,月升
朝乾夕惕,朝乾夕惕
朱有燉,朱有燉
朱淛,朱淛
朴於宇同,朴於宇同
李乾德,李乾德
李乾順,李乾顺
李乾顺,李乾顺
李澤鉅,李泽钜
李祕,李祕
李譔,李譔
柳詒徵,柳诒徵
柳诒徵,柳诒徵
校讎,校雠
楈枒,楈枒
樊於期,樊於期
殘瀋,残渖
慇勤,殷勤
慇懃,殷勤
比較顯著,比较显著
毫釐,毫厘
氆氌,氆氌
沈沒,沉没
沈澱,沉淀
沈積,沉积
沈船,沉船
沈重,沉重
沈默,沉默
氾濫,泛滥
洗鍊,洗练
瀋液,渖液
满拚自尽,满拚自尽
滿拚自盡,满拚自尽
薰習,熏习
薰心,熏心
薰沐,熏沐
薰陶,熏陶
薰香,熏香
爨翫,爨翫
獨鍾,独钟
王道乾,王道乾
王餘魚,王馀鱼
甚夥,甚夥
男为乾,男为乾
男為乾,男为乾
男性为乾,男性为乾
男性為乾,男性为乾
療效顯著,疗效显著
白瀋,白渖
皁保,皁保
目劄,目劄
直昇,直升
盼覆,盼复
睹微知著,睹微知著
瞭台,瞭台
瞭臺,瞭台
瞭望,瞭望
矇眬,矇眬
矇矓,矇眬
石碁,石碁
石碁鎮,石碁镇
硃山湖,硃山湖
碩託,硕讬
鹼菜,硷菜
碁圣,碁圣
碁聖,碁圣
碁所,碁所
祕宜,祕宜
穀旦,穀旦
穀梁,穀梁
穀水,穀水
穀阳,穀阳
穀陽,穀阳
穿著者,穿着者
竹昇,竹升
答覆,答复
米泽瑠美,米泽瑠美
米瀋,米渖
餬口,糊口
絪縕,絪缊
繙㠾,繙㠾
遶境,绕境
線國安,缐国安
線姓,缐姓
編著,编著
老么,老幺
肉乾乾,肉干干
肘手鍊足,肘手链足
甦醒,苏醒
苧烯,苧烯
薴烯,苧烯
蘋婆,苹婆
蘋果,苹果
荠苧,荠苧
榮陞,荣升
萧乾,萧乾
蕭乾,萧乾
著書,著书
著書立說,著书立说
著作,著作
著名,著名
著錄,著录
著錄規則,著录规则
著文,著文
著有,著有
著稱,著称
著者,著者
著身,著身
著述,著述
蔡孝乾,蔡孝乾
蔡絛,蔡絛
行餘,行馀
覆蓋,覆盖
見微知著,见微知著
見著,见著
視微知著,视微知著
言幾析理,言幾析理
諲譔,諲譔
譩譆,譩譆
託庸,讬庸
託恩多,讬恩多
託麻,讬麻
論著,论著
譯著,译著
謝肇淛,谢肇淛
谢肇淛,谢肇淛
象乾,象乾
躊躇滿志,踌躇滿志
較著,较著
近角聪信,近角聪信
造麴,造曲
遺著,遗著
鄭蘋如,郑苹如
郭子乾,郭子乾
酒麴,酒曲
醉瀋,醉渖
醯壶,醯壶
醯壺,醯壶
醯酱,醯酱
醯醬,醯酱
醯醋,醯醋
醯醢,醯醢
醯雞,醯鸡
醯鸡,醯鸡
重覆,重复
金鍊,金链
鍾情,钟情
鍾意,钟意
鍾靈,钟灵
鍾愛,钟爱
鍾祥,钟祥
鐵鍊,铁链
鉸鍊,铰链
銀鍊,银链
鍊子,链子
鍊條,链条
鍊狀,链状
鍊表,链表
鍊鎖,链锁
鍊錘,链锤
鎖鍊,锁链
闇公,闇公
閻懷禮,闫怀礼
阳为乾,阳为乾
陽為乾,阳为乾
阿部正瞭,阿部正瞭
陆徵祥,陆徵祥
陸徵祥,陆徵祥
陈乾生,陈乾生
陳乾生,陈乾生
陈元扞,陈元扞
陳元扞,陈元扞
陈公乾生,陈公乾生
陳公乾生,陈公乾生
陈遇乾,陈遇乾
陳遇乾,陈遇乾
陳堵,陳堵
陳禕,陳禕
雍乾,雍乾
讎夷,雠夷
讎定,雠定
讎校,雠校
讎正,雠正
讎問,雠问
雪鍊,雪链
頂峯,顶峰
項鍊,项链
飛昇,飞升
飭令,飭令
飽託,饱讬
餘慶,馀庆
餘瀋,馀渖
馬鞌,马鞍
高昇,高升
高陞,高升
鬱姓,鬱姓
鬱氏,鬱氏
魏徵,魏徵
魚乾乾,鱼干干
麼氏,麽氏
麽氏,麽氏
黃麴毒素,黄曲毒素
黃潤乾,黄润乾
黄润乾,黄润乾
龍鍾,龙钟
，陞,，升
